-- phpMyAdmin SQL Dump
-- version 4.8.0.1
-- https://www.phpmyadmin.net/
--
-- Host: 127.0.0.1
-- Generation Time: Mar 11, 2019 at 03:31 PM
-- Server version: 10.1.32-MariaDB
-- PHP Version: 7.2.5

SET SQL_MODE = "NO_AUTO_VALUE_ON_ZERO";
SET AUTOCOMMIT = 0;
START TRANSACTION;
SET time_zone = "+00:00";


/*!40101 SET @OLD_CHARACTER_SET_CLIENT=@@CHARACTER_SET_CLIENT */;
/*!40101 SET @OLD_CHARACTER_SET_RESULTS=@@CHARACTER_SET_RESULTS */;
/*!40101 SET @OLD_COLLATION_CONNECTION=@@COLLATION_CONNECTION */;
/*!40101 SET NAMES utf8mb4 */;

--
-- Database: `myprojectphp`
--

-- --------------------------------------------------------

--
-- Table structure for table `analysis`
--

CREATE TABLE `analysis` (
  `id` int(11) NOT NULL,
  `total` int(11) NOT NULL,
  `misstake` varchar(50) NOT NULL,
  `start_date` date NOT NULL,
  `end_date` date NOT NULL,
  `start_time` time NOT NULL,
  `end_time` time NOT NULL
) ENGINE=InnoDB DEFAULT CHARSET=utf8;

--
-- Dumping data for table `analysis`
--

INSERT INTO `analysis` (`id`, `total`, `misstake`, `start_date`, `end_date`, `start_time`, `end_time`) VALUES
(1, 80, 'ระดับน้ำผิดปกติ', '2019-02-12', '2019-02-12', '03:37:53', '03:37:53'),
(2, 177, 'ระดับน้ำผิดปกติ', '2019-02-12', '2019-02-12', '03:39:24', '03:39:24'),
(3, 79, 'ระดับน้ำผิดปกติ', '2019-02-12', '2019-02-12', '03:43:35', '03:43:35'),
(4, 86, 'ระดับน้ำผิดปกติ', '2019-02-12', '2019-02-12', '03:48:53', '03:48:53'),
(5, 80, 'ระดับน้ำผิดปกติ', '2019-02-16', '2019-02-16', '00:02:01', '00:02:01'),
(6, 123, 'ระดับน้ำผิดปกติ', '2019-02-16', '2019-02-16', '00:02:27', '00:02:27'),
(7, 185, 'ระดับน้ำผิดปกติ', '2019-02-16', '2019-02-16', '00:03:35', '00:03:35'),
(8, 155, 'ระดับน้ำผิดปกติ', '2019-02-16', '2019-02-16', '00:04:34', '00:04:34'),
(9, 72, 'ระดับน้ำผิดปกติ', '2019-02-16', '2019-02-16', '00:05:39', '00:05:39'),
(10, 87, 'ระดับน้ำผิดปกติ', '2019-02-16', '2019-02-16', '00:11:50', '00:11:50'),
(11, 74, 'ระดับน้ำผิดปกติ', '2019-02-16', '2019-02-16', '00:11:55', '00:11:55'),
(12, 154, 'ระดับน้ำผิดปกติ', '2019-02-16', '2019-02-16', '00:25:29', '00:25:29'),
(13, 153, 'ระดับน้ำผิดปกติ', '2019-02-16', '2019-02-16', '00:28:09', '00:28:09'),
(14, 146, 'ระดับน้ำผิดปกติ', '2019-02-16', '2019-02-16', '00:29:15', '00:29:15'),
(15, 143, 'ระดับน้ำผิดปกติ', '2019-02-16', '2019-02-16', '00:29:25', '00:29:25'),
(16, 79, 'ระดับน้ำผิดปกติ', '2019-02-16', '2019-02-16', '00:45:54', '00:45:54'),
(17, 85, 'ระดับน้ำผิดปกติ', '2019-02-16', '2019-02-16', '00:46:06', '00:46:06'),
(18, 110, 'ระดับน้ำผิดปกติ', '2019-02-16', '2019-02-16', '00:46:35', '00:46:35'),
(19, 82, 'ระดับน้ำผิดปกติ', '2019-02-16', '2019-02-16', '01:36:40', '01:36:40'),
(20, 83, 'ระดับน้ำผิดปกติ', '2019-02-16', '2019-02-16', '01:38:11', '01:38:11'),
(21, 146, 'ระดับน้ำผิดปกติ', '2019-02-16', '2019-02-16', '01:56:43', '01:56:43'),
(22, 72, 'ระดับน้ำผิดปกติ', '2019-02-16', '2019-02-16', '01:56:53', '01:56:53'),
(23, 168, 'ระดับน้ำผิดปกติ', '2019-02-16', '2019-02-16', '01:57:20', '01:57:20'),
(24, 134, 'ระดับน้ำผิดปกติ', '2019-02-16', '2019-02-16', '02:05:41', '02:05:41'),
(25, 135, 'ระดับน้ำผิดปกติ', '2019-02-16', '2019-02-16', '02:07:23', '02:07:23'),
(26, 62, 'ระดับน้ำผิดปกติ', '2019-02-16', '2019-02-16', '11:03:37', '11:03:37'),
(27, 98, 'ระดับน้ำผิดปกติ', '2019-02-16', '2019-02-16', '11:04:39', '11:04:39'),
(28, 94, 'ระดับน้ำผิดปกติ', '2019-02-16', '2019-02-16', '11:07:34', '11:07:34'),
(29, 93, 'ระดับน้ำผิดปกติ', '2019-02-16', '2019-02-16', '11:07:56', '11:07:56'),
(30, 68, 'ระดับน้ำผิดปกติ', '2019-02-16', '2019-02-16', '11:10:43', '11:10:43'),
(31, 67, 'ระดับน้ำผิดปกติ', '2019-02-16', '2019-02-16', '11:11:45', '11:11:45'),
(32, 81, 'ระดับน้ำผิดปกติ', '2019-02-16', '2019-02-16', '11:12:02', '11:12:02');

-- --------------------------------------------------------

--
-- Table structure for table `notiline`
--

CREATE TABLE `notiline` (
  `id` int(11) NOT NULL,
  `sensor` double(6,2) NOT NULL,
  `status_water` varchar(50) NOT NULL,
  `date` date NOT NULL,
  `time` time NOT NULL
) ENGINE=InnoDB DEFAULT CHARSET=utf8;

--
-- Dumping data for table `notiline`
--

INSERT INTO `notiline` (`id`, `sensor`, `status_water`, `date`, `time`) VALUES
(459, 8.00, 'ระดับสูงขึ้น', '2019-01-17', '17:07:00'),
(485, 0.00, '$message', '2019-01-18', '22:54:03'),
(486, 3.00, 'ระดับสูงขึ้น', '2019-01-18', '23:13:25'),
(487, 3.00, 'ระดับสูงขึ้น', '2019-01-18', '23:13:28'),
(488, 3.00, 'ระดับสูงขึ้น', '2019-01-18', '23:13:34'),
(489, 3.00, 'ระดับสูงขึ้น', '2019-01-18', '23:13:36'),
(490, 3.00, 'ระดับสูงขึ้น', '2019-01-18', '23:13:36'),
(491, 3.00, 'ระดับสูงขึ้น', '2019-01-18', '23:13:40'),
(492, 3.00, 'ระดับสูงขึ้น', '2019-01-18', '23:13:46'),
(493, 3.00, 'ระดับสูงขึ้น', '2019-01-18', '23:13:46'),
(494, 3.00, 'ระดับสูงขึ้น', '2019-01-18', '23:13:53'),
(495, 3.00, 'ระดับสูงขึ้น', '2019-01-18', '23:13:57'),
(496, 3.00, 'ระดับสูงขึ้น', '2019-01-18', '23:13:59'),
(497, 3.00, 'ระดับสูงขึ้น', '2019-01-18', '23:14:05'),
(498, 3.00, 'ระดับสูงขึ้น', '2019-01-18', '23:14:08'),
(499, 3.00, 'ระดับสูงขึ้น', '2019-01-18', '23:14:11'),
(500, 3.00, 'ระดับสูงขึ้น', '2019-01-18', '23:14:17'),
(501, 3.00, 'ระดับสูงขึ้น', '2019-01-18', '23:14:19'),
(502, 3.00, 'ระดับสูงขึ้น', '2019-01-18', '23:14:24'),
(503, 3.00, 'ระดับสูงขึ้น', '2019-01-18', '23:14:30'),
(504, 3.00, 'ระดับสูงขึ้น', '2019-01-18', '23:14:30'),
(505, 3.00, 'ระดับสูงขึ้น', '2019-01-18', '23:14:36'),
(506, 3.00, 'ระดับสูงขึ้น', '2019-01-18', '23:14:41'),
(507, 3.00, 'ระดับสูงขึ้น', '2019-01-18', '23:14:42'),
(508, 3.00, 'ระดับสูงขึ้น', '2019-01-18', '23:14:48'),
(509, 3.00, 'ระดับสูงขึ้น', '2019-01-18', '23:14:54'),
(510, 3.00, 'ระดับสูงขึ้น', '2019-01-18', '23:15:00'),
(511, 3.00, 'ระดับสูงขึ้น', '2019-01-18', '23:15:51'),
(512, 3.00, 'ระดับสูงขึ้น', '2019-01-18', '23:15:57'),
(513, 3.00, 'ระดับสูงขึ้น', '2019-01-18', '23:16:03'),
(514, 3.00, 'ระดับสูงขึ้น', '2019-01-18', '23:16:10'),
(515, 3.00, 'ระดับสูงขึ้น', '2019-01-18', '23:16:16'),
(516, 3.00, 'ระดับสูงขึ้น', '2019-01-18', '23:16:22'),
(517, 3.00, 'ระดับสูงขึ้น', '2019-01-18', '23:16:28'),
(518, 3.00, 'ระดับสูงขึ้น', '2019-01-18', '23:16:34'),
(519, 3.00, 'ระดับสูงขึ้น', '2019-01-18', '23:16:41'),
(520, 3.00, 'ระดับสูงขึ้น', '2019-01-18', '23:16:47'),
(521, 3.00, 'ระดับสูงขึ้น', '2019-01-18', '23:16:53'),
(522, 3.00, 'ระดับสูงขึ้น', '2019-01-18', '23:17:00'),
(523, 3.00, 'ระดับสูงขึ้น', '2019-01-18', '23:17:06'),
(524, 3.00, 'ระดับสูงขึ้น', '2019-01-18', '23:17:13'),
(525, 3.00, 'ระดับสูงขึ้น', '2019-01-18', '23:17:19'),
(526, 3.00, 'ระดับสูงขึ้น', '2019-01-18', '23:17:25'),
(527, 3.00, 'ระดับสูงขึ้น', '2019-01-18', '23:17:32'),
(528, 3.00, 'ระดับสูงขึ้น', '2019-01-18', '23:17:38'),
(529, 4.00, 'ระดับสูงขึ้น', '2019-01-19', '00:06:36'),
(530, 4.00, 'ระดับสูงขึ้น', '2019-01-19', '00:06:42'),
(531, 63.00, 'ระดับสูงขึ้น', '2019-01-19', '00:06:48'),
(532, 61.00, 'ระดับสูงขึ้น', '2019-01-19', '00:06:55'),
(533, 62.00, 'ระดับสูงขึ้น', '2019-01-19', '00:07:01'),
(534, 128.00, 'ระดับสูงขึ้น', '2019-01-19', '00:07:14'),
(535, 142.00, 'ระดับสูงขึ้น', '2019-01-19', '00:07:33'),
(536, 20.00, 'ระดับสูงขึ้น', '2019-01-19', '00:07:39'),
(537, 138.00, 'ระดับสูงขึ้น', '2019-01-19', '00:08:04'),
(538, 38.00, 'ระดับสูงขึ้น', '2019-02-08', '04:06:17'),
(539, 70.00, 'ระดับน้ำผิดปกติสูงขึ้น', '2019-02-08', '04:11:44'),
(540, 69.00, 'ระดับน้ำผิดปกติสูงขึ้น', '2019-02-08', '04:12:00'),
(541, 69.00, 'ระดับน้ำผิดปกติสูงขึ้น', '2019-02-08', '04:12:16'),
(542, 76.00, 'ระดับน้ำผิดปกติสูงขึ้น', '2019-02-08', '04:14:17'),
(543, 65.00, 'ระดับน้ำผิดปกติสูงขึ้น', '2019-02-08', '04:14:39'),
(544, 59.00, 'ระดับน้ำผิดปกติสูงขึ้น', '2019-02-08', '04:14:55'),
(545, 70.00, 'ระดับน้ำผิดปกติสูงขึ้น', '2019-02-08', '04:15:11'),
(546, 78.00, 'ระดับน้ำผิดปกติสูงขึ้น', '2019-02-08', '04:15:27'),
(547, 79.00, 'ระดับน้ำผิดปกติสูงขึ้น', '2019-02-08', '04:15:42'),
(548, 56.00, 'ระดับน้ำผิดปกติสูงขึ้น', '2019-02-08', '04:15:58'),
(549, 56.00, 'ระดับน้ำผิดปกติสูงขึ้น', '2019-02-08', '04:16:14'),
(550, 71.00, 'ระดับน้ำผิดปกติสูงขึ้น', '2019-02-08', '04:16:30'),
(551, 50.00, 'ระดับน้ำผิดปกติสูงขึ้น', '2019-02-08', '04:16:45'),
(552, 32.00, 'ระดับน้ำผิดปกติสูงขึ้น', '2019-02-08', '04:17:01'),
(553, 73.00, 'ระดับน้ำผิดปกติสูงขึ้น', '2019-02-08', '04:17:17'),
(554, 71.00, 'ระดับน้ำผิดปกติสูงขึ้น', '2019-02-08', '04:17:32'),
(555, 86.00, 'ระดับน้ำผิดปกติสูงขึ้น', '2019-02-08', '04:17:48'),
(556, 99.00, 'ระดับน้ำผิดปกติสูงขึ้น', '2019-02-08', '04:19:11'),
(557, 69.00, 'ระดับน้ำผิดปกติสูงขึ้น', '2019-02-08', '04:19:33'),
(558, 68.00, 'ระดับน้ำผิดปกติสูงขึ้น', '2019-02-08', '04:19:49'),
(559, 77.00, 'ระดับน้ำผิดปกติสูงขึ้น', '2019-02-08', '04:20:04'),
(560, 80.00, 'ระดับน้ำผิดปกติสูงขึ้น', '2019-02-08', '04:20:20'),
(561, 80.00, 'ระดับน้ำผิดปกติสูงขึ้น', '2019-02-08', '04:20:36'),
(562, 30.00, 'ระดับน้ำผิดปกติสูงขึ้น', '2019-02-08', '04:38:47'),
(563, 22.00, 'ระดับน้ำผิดปกติสูงขึ้น', '2019-02-08', '04:39:11'),
(564, 26.00, 'ระดับน้ำผิดปกติสูงขึ้น', '2019-02-08', '04:39:34'),
(565, 27.00, 'ระดับน้ำผิดปกติสูงขึ้น', '2019-02-08', '04:45:00'),
(566, 28.00, 'ระดับน้ำผิดปกติสูงขึ้น', '2019-02-08', '04:45:22'),
(567, 21.00, 'ระดับน้ำผิดปกติสูงขึ้น', '2019-02-08', '04:46:04'),
(568, 20.00, 'ระดับน้ำผิดปกติสูงขึ้น', '2019-02-08', '04:46:26'),
(569, 21.00, 'ระดับน้ำผิดปกติสูงขึ้น', '2019-02-08', '04:46:42'),
(570, 21.00, 'ระดับน้ำผิดปกติสูงขึ้น', '2019-02-08', '04:46:57'),
(571, 21.00, 'ระดับน้ำผิดปกติสูงขึ้น', '2019-02-08', '04:47:13'),
(572, 26.00, 'ระดับน้ำผิดปกติสูงขึ้น', '2019-02-08', '05:03:13'),
(573, 26.00, 'ระดับน้ำผิดปกติสูงขึ้น', '2019-02-08', '05:03:35'),
(574, 23.00, 'ระดับน้ำผิดปกติสูงขึ้น', '2019-02-08', '05:03:51'),
(575, 21.00, 'ระดับน้ำผิดปกติสูงขึ้น', '2019-02-08', '05:04:06'),
(576, 30.00, 'ระดับน้ำผิดปกติสูงขึ้น', '2019-02-08', '05:47:58'),
(577, 8.00, 'ระดับน้ำผิดปกติสูงขึ้น', '2019-02-08', '05:55:04'),
(578, 4.00, 'ระดับน้ำผิดปกติสูงขึ้น', '2019-02-08', '05:55:54'),
(579, 5.00, 'ระดับน้ำผิดปกติสูงขึ้น', '2019-02-08', '05:56:10'),
(580, 9.00, 'ระดับน้ำผิดปกติสูงขึ้น', '2019-02-08', '05:58:44'),
(581, 53.00, 'ระดับน้ำผิดปกติสูงขึ้น', '2019-02-08', '06:07:25'),
(582, 53.00, 'ระดับน้ำผิดปกติสูงขึ้น', '2019-02-08', '06:07:39'),
(583, 1810.00, 'ระดับน้ำผิดปกติสูงขึ้น', '2019-02-08', '06:07:52'),
(584, 272.00, 'ระดับน้ำผิดปกติสูงขึ้น', '2019-02-08', '06:08:09'),
(585, 92.00, 'ระดับน้ำผิดปกติสูงขึ้น', '2019-02-08', '06:08:23'),
(586, 73.00, 'ระดับน้ำผิดปกติสูงขึ้น', '2019-02-08', '06:08:36'),
(587, 66.00, 'ระดับน้ำผิดปกติสูงขึ้น', '2019-02-08', '06:08:50'),
(588, 63.00, 'ระดับน้ำผิดปกติสูงขึ้น', '2019-02-08', '06:09:04'),
(589, 61.00, 'ระดับน้ำผิดปกติสูงขึ้น', '2019-02-08', '06:09:17'),
(590, 61.00, 'ระดับน้ำผิดปกติสูงขึ้น', '2019-02-08', '06:09:31'),
(591, 55.00, 'ระดับน้ำผิดปกติสูงขึ้น', '2019-02-08', '06:09:45'),
(592, 9.00, 'ระดับน้ำผิดปกติสูงขึ้น', '2019-02-08', '06:10:52'),
(593, 40.00, 'ระดับน้ำผิดปกติสูงขึ้น', '2019-02-08', '06:11:56'),
(594, 34.00, 'ระดับน้ำผิดปกติสูงขึ้น', '2019-02-08', '06:12:09'),
(595, 79.00, 'ระดับน้ำผิดปกติสูงขึ้น', '2019-02-08', '06:12:23'),
(596, 84.00, 'ระดับน้ำผิดปกติสูงขึ้น', '2019-02-08', '06:12:37'),
(597, 38.00, 'ระดับน้ำผิดปกติสูงขึ้น', '2019-02-08', '06:12:51'),
(598, 39.00, 'ระดับน้ำผิดปกติสูงขึ้น', '2019-02-08', '06:13:05'),
(599, 62.00, 'ระดับน้ำผิดปกติสูงขึ้น', '2019-02-08', '13:31:03'),
(600, 73.00, 'ระดับน้ำผิดปกติสูงขึ้น', '2019-02-08', '13:31:16'),
(601, 166.00, 'ระดับน้ำผิดปกติสูงขึ้น', '2019-02-08', '13:31:30'),
(602, 94.00, 'ระดับน้ำผิดปกติสูงขึ้น', '2019-02-08', '13:31:44'),
(603, 60.00, 'ระดับน้ำผิดปกติสูงขึ้น', '2019-02-08', '14:35:12'),
(604, 68.00, 'ระดับน้ำผิดปกติสูงขึ้น', '2019-02-08', '14:35:34'),
(605, 63.00, 'ระดับน้ำผิดปกติสูงขึ้น', '2019-02-08', '14:35:56'),
(606, 61.00, 'ระดับน้ำผิดปกติสูงขึ้น', '2019-02-08', '14:36:17'),
(607, 67.00, 'ระดับน้ำผิดปกติสูงขึ้น', '2019-02-08', '14:36:39'),
(608, 63.00, 'ระดับน้ำผิดปกติสูงขึ้น', '2019-02-08', '14:37:01'),
(609, 65.00, 'ระดับน้ำผิดปกติสูงขึ้น', '2019-02-08', '14:37:23'),
(610, 68.00, 'ระดับน้ำผิดปกติสูงขึ้น', '2019-02-08', '14:37:45'),
(611, 66.00, 'ระดับน้ำผิดปกติสูงขึ้น', '2019-02-08', '14:38:07'),
(612, 66.00, 'ระดับน้ำผิดปกติสูงขึ้น', '2019-02-08', '14:38:29'),
(613, 9.00, 'ระดับน้ำผิดปกติสูงขึ้น', '2019-02-08', '15:14:20'),
(614, 10.00, 'ระดับน้ำผิดปกติสูงขึ้น', '2019-02-08', '15:14:39'),
(615, 18.00, 'ระดับน้ำผิดปกติสูงขึ้น', '2019-02-08', '18:22:49'),
(616, 18.00, 'ระดับน้ำผิดปกติสูงขึ้น', '2019-02-08', '18:23:15'),
(617, 29.00, 'ระดับน้ำผิดปกติสูงขึ้น', '2019-02-08', '18:23:49'),
(618, 18.00, 'ระดับน้ำผิดปกติสูงขึ้น', '2019-02-08', '18:24:15'),
(619, 23.00, 'ระดับน้ำผิดปกติสูงขึ้น', '2019-02-08', '18:24:40'),
(620, 22.00, 'ระดับน้ำผิดปกติสูงขึ้น', '2019-02-08', '18:25:06'),
(621, 20.00, 'ระดับน้ำผิดปกติสูงขึ้น', '2019-02-08', '18:25:35'),
(622, 18.00, 'ระดับน้ำผิดปกติสูงขึ้น', '2019-02-08', '18:26:01'),
(623, 19.00, 'ระดับน้ำผิดปกติสูงขึ้น', '2019-02-08', '18:26:27'),
(624, 21.00, 'ระดับน้ำผิดปกติสูงขึ้น', '2019-02-08', '18:26:53'),
(625, 22.00, 'ระดับน้ำผิดปกติสูงขึ้น', '2019-02-08', '18:27:19'),
(626, 22.00, 'ระดับน้ำผิดปกติสูงขึ้น', '2019-02-08', '18:28:24'),
(627, 20.00, 'ระดับน้ำผิดปกติสูงขึ้น', '2019-02-08', '18:28:48'),
(628, 21.00, 'ระดับน้ำผิดปกติสูงขึ้น', '2019-02-08', '18:29:12'),
(629, 21.00, 'ระดับน้ำผิดปกติสูงขึ้น', '2019-02-08', '18:29:36'),
(630, 18.00, 'ระดับน้ำผิดปกติสูงขึ้น', '2019-02-08', '18:35:54'),
(631, 17.00, 'ระดับน้ำผิดปกติสูงขึ้น', '2019-02-08', '18:36:16'),
(632, 16.00, 'ระดับน้ำผิดปกติสูงขึ้น', '2019-02-08', '18:36:37'),
(633, 7.00, 'ระดับน้ำผิดปกติสูงขึ้น', '2019-02-08', '18:36:58'),
(634, 8.00, 'ระดับน้ำผิดปกติสูงขึ้น', '2019-02-08', '18:37:20'),
(635, 8.00, 'ระดับน้ำผิดปกติสูงขึ้น', '2019-02-08', '18:37:41'),
(636, 8.00, 'ระดับน้ำผิดปกติสูงขึ้น', '2019-02-08', '18:38:40'),
(637, 8.00, 'ระดับน้ำผิดปกติสูงขึ้น', '2019-02-08', '18:38:53'),
(638, 25.00, 'ระดับน้ำผิดปกติสูงขึ้น', '2019-02-08', '18:40:32'),
(639, 25.00, 'ระดับน้ำผิดปกติสูงขึ้น', '2019-02-08', '18:40:46'),
(640, 26.00, 'ระดับน้ำผิดปกติสูงขึ้น', '2019-02-08', '18:41:00'),
(641, 25.00, 'ระดับน้ำผิดปกติสูงขึ้น', '2019-02-08', '18:41:13'),
(642, 26.00, 'ระดับน้ำผิดปกติสูงขึ้น', '2019-02-08', '18:41:27'),
(643, 27.00, 'ระดับน้ำผิดปกติสูงขึ้น', '2019-02-08', '18:41:40'),
(644, 28.00, 'ระดับน้ำผิดปกติสูงขึ้น', '2019-02-08', '18:41:53'),
(645, 21.00, 'ระดับน้ำผิดปกติสูงขึ้น', '2019-02-08', '18:42:07'),
(646, 21.00, 'ระดับน้ำผิดปกติสูงขึ้น', '2019-02-08', '18:42:44'),
(647, 8.00, 'ระดับน้ำผิดปกติสูงขึ้น', '2019-02-08', '18:44:25'),
(648, 8.00, 'ระดับน้ำผิดปกติสูงขึ้น', '2019-02-08', '18:44:35'),
(649, 7.00, 'ระดับน้ำผิดปกติสูงขึ้น', '2019-02-08', '18:44:46'),
(650, 24.00, 'ระดับน้ำผิดปกติสูงขึ้น', '2019-02-08', '18:44:56'),
(651, 23.00, 'ระดับน้ำผิดปกติสูงขึ้น', '2019-02-08', '18:45:06'),
(652, 29.00, 'ระดับน้ำผิดปกติสูงขึ้น', '2019-02-08', '19:04:03'),
(653, 29.00, 'ระดับน้ำผิดปกติสูงขึ้น', '2019-02-08', '19:04:17'),
(654, 21.00, 'ระดับน้ำผิดปกติสูงขึ้น', '2019-02-08', '19:04:38'),
(655, 15.00, 'ระดับน้ำผิดปกติสูงขึ้น', '2019-02-08', '19:12:25'),
(656, 16.00, 'ระดับน้ำผิดปกติสูงขึ้น', '2019-02-08', '19:12:39'),
(657, 16.00, 'ระดับน้ำผิดปกติสูงขึ้น', '2019-02-08', '19:12:52'),
(658, 23.00, 'ระดับน้ำผิดปกติสูงขึ้น', '2019-02-08', '19:13:06'),
(659, 9.00, 'ระดับน้ำผิดปกติสูงขึ้น', '2019-02-08', '19:21:54'),
(660, 8.00, 'ระดับน้ำผิดปกติสูงขึ้น', '2019-02-08', '19:22:08'),
(661, 13.00, 'ระดับน้ำผิดปกติสูงขึ้น', '2019-02-08', '19:22:26'),
(662, 12.00, 'ระดับน้ำผิดปกติสูงขึ้น', '2019-02-08', '19:22:42'),
(663, 12.00, 'ระดับน้ำผิดปกติสูงขึ้น', '2019-02-08', '19:22:55'),
(664, 12.00, 'ระดับน้ำผิดปกติสูงขึ้น', '2019-02-08', '19:23:10'),
(665, 12.00, 'ระดับน้ำผิดปกติสูงขึ้น', '2019-02-08', '19:23:23'),
(666, 12.00, 'ระดับน้ำผิดปกติสูงขึ้น', '2019-02-08', '19:23:36'),
(667, 12.00, 'ระดับน้ำผิดปกติสูงขึ้น', '2019-02-08', '19:23:49'),
(668, 12.00, 'ระดับน้ำผิดปกติสูงขึ้น', '2019-02-08', '19:24:06'),
(669, 12.00, 'ระดับน้ำผิดปกติสูงขึ้น', '2019-02-08', '19:24:20'),
(670, 12.00, 'ระดับน้ำผิดปกติสูงขึ้น', '2019-02-08', '19:24:33'),
(671, 16.00, 'ระดับน้ำผิดปกติสูงขึ้น', '2019-02-08', '19:29:52'),
(672, 16.00, 'ระดับน้ำผิดปกติสูงขึ้น', '2019-02-08', '19:30:02'),
(673, 16.00, 'ระดับน้ำผิดปกติสูงขึ้น', '2019-02-08', '19:30:14'),
(674, 27.00, 'ระดับน้ำผิดปกติสูงขึ้น', '2019-02-08', '19:30:26'),
(675, 27.00, 'ระดับน้ำผิดปกติสูงขึ้น', '2019-02-08', '19:30:39'),
(676, 28.00, 'ระดับน้ำผิดปกติสูงขึ้น', '2019-02-08', '19:30:51'),
(677, 8.00, 'ระดับน้ำผิดปกติสูงขึ้น', '2019-02-08', '19:42:37'),
(678, 8.00, 'ระดับน้ำผิดปกติสูงขึ้น', '2019-02-08', '19:42:50'),
(679, 8.00, 'ระดับน้ำผิดปกติสูงขึ้น', '2019-02-08', '19:43:02'),
(680, 7.00, 'ระดับน้ำผิดปกติสูงขึ้น', '2019-02-08', '19:44:33'),
(681, 28.00, 'ระดับน้ำผิดปกติสูงขึ้น', '2019-02-11', '21:35:53'),
(682, 25.00, 'ระดับน้ำผิดปกติสูงขึ้น', '2019-02-11', '21:36:09'),
(683, 11.00, 'ระดับน้ำผิดปกติสูงขึ้น', '2019-02-11', '21:51:50'),
(684, 28.00, 'ระดับน้ำผิดปกติสูงขึ้น', '2019-02-11', '21:52:04'),
(685, 15.00, 'ระดับน้ำผิดปกติสูงขึ้น', '2019-02-11', '21:52:26'),
(686, 10.00, 'ระดับน้ำผิดปกติสูงขึ้น', '2019-02-11', '22:12:31'),
(687, 12.00, 'ระดับน้ำผิดปกติสูงขึ้น', '2019-02-11', '22:18:51'),
(688, 11.00, 'ระดับน้ำผิดปกติสูงขึ้น', '2019-02-11', '22:19:10'),
(689, 11.00, 'ระดับน้ำผิดปกติสูงขึ้น', '2019-02-11', '22:19:23'),
(690, 11.00, 'ระดับน้ำผิดปกติสูงขึ้น', '2019-02-11', '22:19:37'),
(691, 23.00, 'ระดับน้ำผิดปกติสูงขึ้น', '2019-02-11', '22:19:50'),
(692, 11.00, 'ระดับน้ำผิดปกติสูงขึ้น', '2019-02-11', '22:23:03'),
(693, 10.00, 'ระดับน้ำผิดปกติสูงขึ้น', '2019-02-12', '03:12:12'),
(694, 13.00, 'ระดับน้ำผิดปกติสูงขึ้น', '2019-02-12', '03:23:04'),
(695, 10.00, 'ระดับน้ำผิดปกติสูงขึ้น', '2019-02-12', '03:26:27'),
(696, 27.00, 'ระดับน้ำผิดปกติสูงขึ้น', '2019-02-12', '03:26:40'),
(697, 23.00, 'ระดับน้ำผิดปกติสูงขึ้น', '2019-02-12', '03:39:01'),
(698, 23.00, 'ระดับน้ำผิดปกติสูงขึ้น', '2019-02-12', '03:39:15'),
(699, 7.00, 'ระดับน้ำผิดปกติสูงขึ้น', '2019-02-14', '00:28:19'),
(700, 13.00, 'ระดับน้ำผิดปกติสูงขึ้น', '2019-02-14', '00:29:36'),
(701, 13.00, 'ระดับน้ำผิดปกติสูงขึ้น', '2019-02-14', '00:29:50'),
(702, 14.00, 'ระดับน้ำผิดปกติสูงขึ้น', '2019-02-14', '00:40:42'),
(703, 30.00, 'ระดับน้ำผิดปกติสูงขึ้น', '2019-02-14', '02:18:25'),
(704, 30.00, 'ระดับน้ำผิดปกติสูงขึ้น', '2019-02-14', '02:18:43'),
(705, 30.00, 'ระดับน้ำผิดปกติสูงขึ้น', '2019-02-14', '02:19:01'),
(706, 30.00, 'ระดับน้ำผิดปกติสูงขึ้น', '2019-02-14', '02:19:19'),
(707, 30.00, 'ระดับน้ำผิดปกติสูงขึ้น', '2019-02-14', '02:19:36'),
(708, 30.00, 'ระดับน้ำผิดปกติสูงขึ้น', '2019-02-14', '02:20:05'),
(709, 24.00, 'ระดับน้ำผิดปกติสูงขึ้น', '2019-02-14', '02:28:00'),
(710, 24.00, 'ระดับน้ำผิดปกติสูงขึ้น', '2019-02-14', '02:28:11'),
(711, 23.00, 'ระดับน้ำผิดปกติสูงขึ้น', '2019-02-14', '02:28:22'),
(712, 24.00, 'ระดับน้ำผิดปกติสูงขึ้น', '2019-02-14', '02:28:38'),
(713, 23.00, 'ระดับน้ำผิดปกติสูงขึ้น', '2019-02-14', '02:31:11'),
(714, 19.00, 'ระดับน้ำผิดปกติสูงขึ้น', '2019-02-14', '02:34:49'),
(715, 23.00, 'ระดับน้ำผิดปกติสูงขึ้น', '2019-02-16', '00:02:21'),
(716, 18.00, 'ระดับน้ำผิดปกติสูงขึ้น', '2019-02-16', '00:03:17'),
(717, 15.00, 'ระดับน้ำผิดปกติสูงขึ้น', '2019-02-16', '00:03:27'),
(718, 13.00, 'ระดับน้ำผิดปกติสูงขึ้น', '2019-02-16', '00:04:04'),
(719, 9.00, 'ระดับน้ำผิดปกติสูงขึ้น', '2019-02-16', '00:04:14'),
(720, 13.00, 'ระดับน้ำผิดปกติสูงขึ้น', '2019-02-16', '00:04:26'),
(721, 32.00, 'ระดับน้ำผิดปกติสูงขึ้น', '2019-02-16', '00:06:57'),
(722, 35.00, 'ระดับน้ำผิดปกติสูงขึ้น', '2019-02-16', '00:07:07'),
(723, 29.00, 'ระดับน้ำผิดปกติสูงขึ้น', '2019-02-16', '00:11:25'),
(724, 35.00, 'ระดับน้ำผิดปกติสูงขึ้น', '2019-02-16', '00:11:39'),
(725, 51.00, 'ระดับน้ำผิดปกติสูงขึ้น', '2019-02-16', '01:56:34'),
(726, 3.00, 'ระดับน้ำผิดปกติสูงขึ้น', '2019-02-16', '01:57:02'),
(727, 19.00, 'ระดับน้ำผิดปกติสูงขึ้น', '2019-02-16', '01:57:12'),
(728, 190.00, 'ระดับน้ำผิดปกติสูงขึ้น', '2019-02-16', '01:57:39'),
(729, 192.00, 'ระดับน้ำผิดปกติสูงขึ้น', '2019-02-16', '01:57:54'),
(730, 191.00, 'ระดับน้ำผิดปกติสูงขึ้น', '2019-02-16', '01:58:09'),
(731, 192.00, 'ระดับน้ำผิดปกติสูงขึ้น', '2019-02-16', '01:58:24'),
(732, 199.00, 'ระดับน้ำผิดปกติสูงขึ้น', '2019-02-16', '01:58:39'),
(733, 196.00, 'ระดับน้ำผิดปกติสูงขึ้น', '2019-02-16', '01:59:23'),
(734, 196.00, 'ระดับน้ำผิดปกติสูงขึ้น', '2019-02-16', '01:59:38'),
(735, 196.00, 'ระดับน้ำผิดปกติสูงขึ้น', '2019-02-16', '01:59:53'),
(736, 196.00, 'ระดับน้ำผิดปกติสูงขึ้น', '2019-02-16', '02:00:08'),
(737, 196.00, 'ระดับน้ำผิดปกติสูงขึ้น', '2019-02-16', '02:00:24'),
(738, 6.00, 'ระดับน้ำผิดปกติสูงขึ้น', '2019-02-16', '02:05:24'),
(739, 7.00, 'ระดับน้ำผิดปกติสูงขึ้น', '2019-02-16', '02:05:34'),
(740, 6.00, 'ระดับน้ำผิดปกติสูงขึ้น', '2019-02-16', '02:07:17'),
(741, 10.00, 'ระดับน้ำผิดปกติสูงขึ้น', '2019-02-16', '11:04:18'),
(742, 10.00, 'ระดับน้ำผิดปกติสูงขึ้น', '2019-02-16', '11:04:30'),
(743, 13.00, 'ระดับน้ำผิดปกติสูงขึ้น', '2019-02-16', '11:07:26'),
(744, 14.00, 'ระดับน้ำผิดปกติสูงขึ้น', '2019-02-16', '11:07:49'),
(745, 29.00, 'ระดับน้ำผิดปกติสูงขึ้น', '2019-02-16', '11:11:56');

-- --------------------------------------------------------

--
-- Table structure for table `process_statuses_old`
--

CREATE TABLE `process_statuses_old` (
  `id` int(10) UNSIGNED NOT NULL,
  `idUsers` int(10) UNSIGNED DEFAULT NULL,
  `idPumps` int(10) UNSIGNED NOT NULL,
  `idStatus` int(10) UNSIGNED DEFAULT NULL,
  `idWaters` int(10) UNSIGNED DEFAULT NULL,
  `created_at` date DEFAULT NULL,
  `updated_at` date DEFAULT NULL
) ENGINE=InnoDB DEFAULT CHARSET=utf8mb4 COLLATE=utf8mb4_unicode_ci;

-- --------------------------------------------------------

--
-- Table structure for table `pumps`
--

CREATE TABLE `pumps` (
  `id` int(10) UNSIGNED NOT NULL,
  `address` varchar(50) COLLATE utf8mb4_unicode_ci NOT NULL
) ENGINE=InnoDB DEFAULT CHARSET=utf8mb4 COLLATE=utf8mb4_unicode_ci;

--
-- Dumping data for table `pumps`
--

INSERT INTO `pumps` (`id`, `address`) VALUES
(1, 'สวนมะนาว');

-- --------------------------------------------------------

--
-- Table structure for table `report`
--

CREATE TABLE `report` (
  `id` int(10) NOT NULL,
  `idStatus` int(10) NOT NULL,
  `idPump` int(10) NOT NULL,
  `date` date NOT NULL,
  `time` time NOT NULL
) ENGINE=InnoDB DEFAULT CHARSET=utf8;

--
-- Dumping data for table `report`
--

INSERT INTO `report` (`id`, `idStatus`, `idPump`, `date`, `time`) VALUES
(1, 5, 1, '2019-02-12', '03:38:55'),
(2, 7, 1, '2019-02-12', '03:39:09'),
(3, 13, 1, '2019-02-12', '03:42:32'),
(4, 14, 1, '2019-02-12', '03:43:35'),
(5, 15, 1, '2019-02-12', '03:44:39'),
(6, 16, 1, '2019-02-12', '03:45:42'),
(7, 17, 1, '2019-02-12', '03:46:45'),
(8, 18, 1, '2019-02-12', '03:47:48'),
(9, 22, 1, '2019-02-12', '04:01:16'),
(10, 5, 1, '2019-02-12', '03:38:55'),
(11, 7, 1, '2019-02-12', '03:39:09'),
(12, 13, 1, '2019-02-12', '03:42:32'),
(13, 14, 1, '2019-02-12', '03:43:35'),
(14, 15, 1, '2019-02-12', '03:44:39'),
(15, 16, 1, '2019-02-12', '03:45:42'),
(16, 17, 1, '2019-02-12', '03:46:45'),
(17, 18, 1, '2019-02-12', '03:47:48'),
(18, 5, 1, '2019-02-12', '03:38:55'),
(19, 7, 1, '2019-02-12', '03:39:09'),
(20, 13, 1, '2019-02-12', '03:42:32'),
(21, 14, 1, '2019-02-12', '03:43:35'),
(22, 15, 1, '2019-02-12', '03:44:39'),
(23, 16, 1, '2019-02-12', '03:45:42'),
(24, 17, 1, '2019-02-12', '03:46:45'),
(25, 18, 1, '2019-02-12', '03:47:48'),
(26, 5, 1, '2019-02-12', '03:38:55'),
(27, 7, 1, '2019-02-12', '03:39:09'),
(28, 13, 1, '2019-02-12', '03:42:32'),
(29, 14, 1, '2019-02-12', '03:43:35'),
(30, 15, 1, '2019-02-12', '03:44:39'),
(31, 16, 1, '2019-02-12', '03:45:42'),
(32, 17, 1, '2019-02-12', '03:46:45'),
(33, 18, 1, '2019-02-12', '03:47:48'),
(34, 5, 1, '2019-02-12', '03:38:55'),
(35, 7, 1, '2019-02-12', '03:39:09'),
(36, 13, 1, '2019-02-12', '03:42:32'),
(37, 14, 1, '2019-02-12', '03:43:35'),
(38, 15, 1, '2019-02-12', '03:44:39'),
(39, 16, 1, '2019-02-12', '03:45:42'),
(40, 17, 1, '2019-02-12', '03:46:45'),
(41, 18, 1, '2019-02-12', '03:47:48'),
(42, 5, 1, '2019-02-12', '03:38:55'),
(43, 7, 1, '2019-02-12', '03:39:09'),
(44, 13, 1, '2019-02-12', '03:42:32'),
(45, 14, 1, '2019-02-12', '03:43:35'),
(46, 15, 1, '2019-02-12', '03:44:39'),
(47, 16, 1, '2019-02-12', '03:45:42'),
(48, 17, 1, '2019-02-12', '03:46:45'),
(49, 18, 1, '2019-02-12', '03:47:48'),
(50, 5, 1, '2019-02-12', '03:38:55'),
(51, 7, 1, '2019-02-12', '03:39:09'),
(52, 13, 1, '2019-02-12', '03:42:32'),
(53, 14, 1, '2019-02-12', '03:43:35'),
(54, 15, 1, '2019-02-12', '03:44:39'),
(55, 16, 1, '2019-02-12', '03:45:42'),
(56, 17, 1, '2019-02-12', '03:46:45'),
(57, 18, 1, '2019-02-12', '03:47:48'),
(58, 25, 1, '2019-02-14', '00:28:13'),
(59, 28, 1, '2019-02-14', '00:29:31'),
(60, 30, 1, '2019-02-14', '00:29:44'),
(61, 43, 1, '2019-02-14', '00:40:37'),
(62, 5, 1, '2019-02-12', '03:38:55'),
(63, 7, 1, '2019-02-12', '03:39:09'),
(64, 13, 1, '2019-02-12', '03:42:32'),
(65, 14, 1, '2019-02-12', '03:43:35'),
(66, 15, 1, '2019-02-12', '03:44:39'),
(67, 16, 1, '2019-02-12', '03:45:42'),
(68, 17, 1, '2019-02-12', '03:46:45'),
(69, 18, 1, '2019-02-12', '03:47:48'),
(70, 25, 1, '2019-02-14', '00:28:13'),
(71, 28, 1, '2019-02-14', '00:29:31'),
(72, 30, 1, '2019-02-14', '00:29:44'),
(73, 43, 1, '2019-02-14', '00:40:37'),
(74, 48, 1, '2019-02-14', '00:42:57'),
(75, 52, 1, '2019-02-14', '02:18:20'),
(76, 55, 1, '2019-02-14', '02:18:37'),
(77, 58, 1, '2019-02-14', '02:18:55'),
(78, 61, 1, '2019-02-14', '02:19:13'),
(79, 64, 1, '2019-02-14', '02:19:31'),
(80, 68, 1, '2019-02-14', '02:19:53'),
(81, 70, 1, '2019-02-14', '02:19:59'),
(82, 5, 1, '2019-02-12', '03:38:55'),
(83, 7, 1, '2019-02-12', '03:39:09'),
(84, 13, 1, '2019-02-12', '03:42:32'),
(85, 14, 1, '2019-02-12', '03:43:35'),
(86, 15, 1, '2019-02-12', '03:44:39'),
(87, 16, 1, '2019-02-12', '03:45:42'),
(88, 17, 1, '2019-02-12', '03:46:45'),
(89, 18, 1, '2019-02-12', '03:47:48'),
(90, 25, 1, '2019-02-14', '00:28:13'),
(91, 28, 1, '2019-02-14', '00:29:31'),
(92, 30, 1, '2019-02-14', '00:29:44'),
(93, 43, 1, '2019-02-14', '00:40:37'),
(94, 48, 1, '2019-02-14', '00:42:57'),
(95, 52, 1, '2019-02-14', '02:18:20'),
(96, 55, 1, '2019-02-14', '02:18:37'),
(97, 58, 1, '2019-02-14', '02:18:55'),
(98, 61, 1, '2019-02-14', '02:19:13'),
(99, 64, 1, '2019-02-14', '02:19:31'),
(100, 68, 1, '2019-02-14', '02:19:53'),
(101, 70, 1, '2019-02-14', '02:19:59'),
(102, 5, 1, '2019-02-12', '03:38:55'),
(103, 7, 1, '2019-02-12', '03:39:09'),
(104, 13, 1, '2019-02-12', '03:42:32'),
(105, 14, 1, '2019-02-12', '03:43:35'),
(106, 15, 1, '2019-02-12', '03:44:39'),
(107, 16, 1, '2019-02-12', '03:45:42'),
(108, 17, 1, '2019-02-12', '03:46:45'),
(109, 18, 1, '2019-02-12', '03:47:48'),
(110, 25, 1, '2019-02-14', '00:28:13'),
(111, 28, 1, '2019-02-14', '00:29:31'),
(112, 30, 1, '2019-02-14', '00:29:44'),
(113, 43, 1, '2019-02-14', '00:40:37'),
(114, 48, 1, '2019-02-14', '00:42:57'),
(115, 52, 1, '2019-02-14', '02:18:20'),
(116, 55, 1, '2019-02-14', '02:18:37'),
(117, 58, 1, '2019-02-14', '02:18:55'),
(118, 61, 1, '2019-02-14', '02:19:13'),
(119, 64, 1, '2019-02-14', '02:19:31'),
(120, 68, 1, '2019-02-14', '02:19:53'),
(121, 70, 1, '2019-02-14', '02:19:59'),
(122, 5, 1, '2019-02-12', '03:38:55'),
(123, 7, 1, '2019-02-12', '03:39:09'),
(124, 13, 1, '2019-02-12', '03:42:32'),
(125, 14, 1, '2019-02-12', '03:43:35'),
(126, 15, 1, '2019-02-12', '03:44:39'),
(127, 16, 1, '2019-02-12', '03:45:42'),
(128, 17, 1, '2019-02-12', '03:46:45'),
(129, 18, 1, '2019-02-12', '03:47:48'),
(130, 25, 1, '2019-02-14', '00:28:13'),
(131, 28, 1, '2019-02-14', '00:29:31'),
(132, 30, 1, '2019-02-14', '00:29:44'),
(133, 43, 1, '2019-02-14', '00:40:37'),
(134, 48, 1, '2019-02-14', '00:42:57'),
(135, 52, 1, '2019-02-14', '02:18:20'),
(136, 55, 1, '2019-02-14', '02:18:37'),
(137, 58, 1, '2019-02-14', '02:18:55'),
(138, 61, 1, '2019-02-14', '02:19:13'),
(139, 64, 1, '2019-02-14', '02:19:31'),
(140, 68, 1, '2019-02-14', '02:19:53'),
(141, 70, 1, '2019-02-14', '02:19:59'),
(142, 5, 1, '2019-02-12', '03:38:55'),
(143, 7, 1, '2019-02-12', '03:39:09'),
(144, 13, 1, '2019-02-12', '03:42:32'),
(145, 14, 1, '2019-02-12', '03:43:35'),
(146, 15, 1, '2019-02-12', '03:44:39'),
(147, 16, 1, '2019-02-12', '03:45:42'),
(148, 17, 1, '2019-02-12', '03:46:45'),
(149, 18, 1, '2019-02-12', '03:47:48'),
(150, 25, 1, '2019-02-14', '00:28:13'),
(151, 28, 1, '2019-02-14', '00:29:31'),
(152, 30, 1, '2019-02-14', '00:29:44'),
(153, 43, 1, '2019-02-14', '00:40:37'),
(154, 48, 1, '2019-02-14', '00:42:57'),
(155, 52, 1, '2019-02-14', '02:18:20'),
(156, 55, 1, '2019-02-14', '02:18:37'),
(157, 58, 1, '2019-02-14', '02:18:55'),
(158, 61, 1, '2019-02-14', '02:19:13'),
(159, 64, 1, '2019-02-14', '02:19:31'),
(160, 68, 1, '2019-02-14', '02:19:53'),
(161, 70, 1, '2019-02-14', '02:19:59'),
(162, 78, 1, '2019-02-14', '02:27:54'),
(163, 79, 1, '2019-02-14', '02:28:05'),
(164, 80, 1, '2019-02-14', '02:28:13'),
(165, 81, 1, '2019-02-14', '02:28:17'),
(166, 82, 1, '2019-02-14', '02:28:25'),
(167, 83, 1, '2019-02-14', '02:28:29'),
(168, 84, 1, '2019-02-14', '02:28:41'),
(169, 88, 1, '2019-02-14', '02:28:57'),
(170, 89, 1, '2019-02-14', '02:28:59'),
(171, 92, 1, '2019-02-14', '02:31:05'),
(172, 95, 1, '2019-02-14', '02:31:26'),
(173, 99, 1, '2019-02-14', '02:31:38'),
(174, 100, 1, '2019-02-14', '02:31:41'),
(175, 105, 1, '2019-02-14', '02:34:43'),
(176, 5, 1, '2019-02-12', '03:38:55'),
(177, 7, 1, '2019-02-12', '03:39:09'),
(178, 13, 1, '2019-02-12', '03:42:32'),
(179, 14, 1, '2019-02-12', '03:43:35'),
(180, 15, 1, '2019-02-12', '03:44:39'),
(181, 16, 1, '2019-02-12', '03:45:42'),
(182, 17, 1, '2019-02-12', '03:46:45'),
(183, 18, 1, '2019-02-12', '03:47:48'),
(184, 25, 1, '2019-02-14', '00:28:13'),
(185, 28, 1, '2019-02-14', '00:29:31'),
(186, 30, 1, '2019-02-14', '00:29:44'),
(187, 43, 1, '2019-02-14', '00:40:37'),
(188, 48, 1, '2019-02-14', '00:42:57'),
(189, 52, 1, '2019-02-14', '02:18:20'),
(190, 55, 1, '2019-02-14', '02:18:37'),
(191, 58, 1, '2019-02-14', '02:18:55'),
(192, 61, 1, '2019-02-14', '02:19:13'),
(193, 64, 1, '2019-02-14', '02:19:31'),
(194, 68, 1, '2019-02-14', '02:19:53'),
(195, 70, 1, '2019-02-14', '02:19:59'),
(196, 78, 1, '2019-02-14', '02:27:54'),
(197, 79, 1, '2019-02-14', '02:28:05'),
(198, 80, 1, '2019-02-14', '02:28:13'),
(199, 81, 1, '2019-02-14', '02:28:17'),
(200, 82, 1, '2019-02-14', '02:28:25'),
(201, 83, 1, '2019-02-14', '02:28:29'),
(202, 84, 1, '2019-02-14', '02:28:41'),
(203, 88, 1, '2019-02-14', '02:28:57'),
(204, 89, 1, '2019-02-14', '02:28:59'),
(205, 92, 1, '2019-02-14', '02:31:05'),
(206, 95, 1, '2019-02-14', '02:31:26'),
(207, 99, 1, '2019-02-14', '02:31:38'),
(208, 100, 1, '2019-02-14', '02:31:41'),
(209, 105, 1, '2019-02-14', '02:34:43'),
(210, 5, 1, '2019-02-12', '03:38:55'),
(211, 7, 1, '2019-02-12', '03:39:09'),
(212, 13, 1, '2019-02-12', '03:42:32'),
(213, 14, 1, '2019-02-12', '03:43:35'),
(214, 15, 1, '2019-02-12', '03:44:39'),
(215, 16, 1, '2019-02-12', '03:45:42'),
(216, 17, 1, '2019-02-12', '03:46:45'),
(217, 18, 1, '2019-02-12', '03:47:48'),
(218, 25, 1, '2019-02-14', '00:28:13'),
(219, 28, 1, '2019-02-14', '00:29:31'),
(220, 30, 1, '2019-02-14', '00:29:44'),
(221, 43, 1, '2019-02-14', '00:40:37'),
(222, 48, 1, '2019-02-14', '00:42:57'),
(223, 52, 1, '2019-02-14', '02:18:20'),
(224, 55, 1, '2019-02-14', '02:18:37'),
(225, 58, 1, '2019-02-14', '02:18:55'),
(226, 61, 1, '2019-02-14', '02:19:13'),
(227, 64, 1, '2019-02-14', '02:19:31'),
(228, 68, 1, '2019-02-14', '02:19:53'),
(229, 70, 1, '2019-02-14', '02:19:59'),
(230, 78, 1, '2019-02-14', '02:27:54'),
(231, 79, 1, '2019-02-14', '02:28:05'),
(232, 80, 1, '2019-02-14', '02:28:13'),
(233, 81, 1, '2019-02-14', '02:28:17'),
(234, 82, 1, '2019-02-14', '02:28:25'),
(235, 83, 1, '2019-02-14', '02:28:29'),
(236, 84, 1, '2019-02-14', '02:28:41'),
(237, 88, 1, '2019-02-14', '02:28:57'),
(238, 89, 1, '2019-02-14', '02:28:59'),
(239, 92, 1, '2019-02-14', '02:31:05'),
(240, 95, 1, '2019-02-14', '02:31:26'),
(241, 99, 1, '2019-02-14', '02:31:38'),
(242, 100, 1, '2019-02-14', '02:31:41'),
(243, 105, 1, '2019-02-14', '02:34:43'),
(244, 5, 1, '2019-02-12', '03:38:55'),
(245, 7, 1, '2019-02-12', '03:39:09'),
(246, 13, 1, '2019-02-12', '03:42:32'),
(247, 14, 1, '2019-02-12', '03:43:35'),
(248, 15, 1, '2019-02-12', '03:44:39'),
(249, 16, 1, '2019-02-12', '03:45:42'),
(250, 17, 1, '2019-02-12', '03:46:45'),
(251, 18, 1, '2019-02-12', '03:47:48'),
(252, 25, 1, '2019-02-14', '00:28:13'),
(253, 28, 1, '2019-02-14', '00:29:31'),
(254, 30, 1, '2019-02-14', '00:29:44'),
(255, 43, 1, '2019-02-14', '00:40:37'),
(256, 48, 1, '2019-02-14', '00:42:57'),
(257, 52, 1, '2019-02-14', '02:18:20'),
(258, 55, 1, '2019-02-14', '02:18:37'),
(259, 58, 1, '2019-02-14', '02:18:55'),
(260, 61, 1, '2019-02-14', '02:19:13'),
(261, 64, 1, '2019-02-14', '02:19:31'),
(262, 68, 1, '2019-02-14', '02:19:53'),
(263, 70, 1, '2019-02-14', '02:19:59'),
(264, 78, 1, '2019-02-14', '02:27:54'),
(265, 79, 1, '2019-02-14', '02:28:05'),
(266, 80, 1, '2019-02-14', '02:28:13'),
(267, 81, 1, '2019-02-14', '02:28:17'),
(268, 82, 1, '2019-02-14', '02:28:25'),
(269, 83, 1, '2019-02-14', '02:28:29'),
(270, 84, 1, '2019-02-14', '02:28:41'),
(271, 88, 1, '2019-02-14', '02:28:57'),
(272, 89, 1, '2019-02-14', '02:28:59'),
(273, 92, 1, '2019-02-14', '02:31:05'),
(274, 95, 1, '2019-02-14', '02:31:26'),
(275, 99, 1, '2019-02-14', '02:31:38'),
(276, 100, 1, '2019-02-14', '02:31:41'),
(277, 105, 1, '2019-02-14', '02:34:43'),
(278, 5, 1, '2019-02-12', '03:38:55'),
(279, 7, 1, '2019-02-12', '03:39:09'),
(280, 13, 1, '2019-02-12', '03:42:32'),
(281, 14, 1, '2019-02-12', '03:43:35'),
(282, 15, 1, '2019-02-12', '03:44:39'),
(283, 16, 1, '2019-02-12', '03:45:42'),
(284, 17, 1, '2019-02-12', '03:46:45'),
(285, 18, 1, '2019-02-12', '03:47:48'),
(286, 25, 1, '2019-02-14', '00:28:13'),
(287, 28, 1, '2019-02-14', '00:29:31'),
(288, 30, 1, '2019-02-14', '00:29:44'),
(289, 43, 1, '2019-02-14', '00:40:37'),
(290, 48, 1, '2019-02-14', '00:42:57'),
(291, 52, 1, '2019-02-14', '02:18:20'),
(292, 55, 1, '2019-02-14', '02:18:37'),
(293, 58, 1, '2019-02-14', '02:18:55'),
(294, 61, 1, '2019-02-14', '02:19:13'),
(295, 64, 1, '2019-02-14', '02:19:31'),
(296, 68, 1, '2019-02-14', '02:19:53'),
(297, 70, 1, '2019-02-14', '02:19:59'),
(298, 78, 1, '2019-02-14', '02:27:54'),
(299, 79, 1, '2019-02-14', '02:28:05'),
(300, 80, 1, '2019-02-14', '02:28:13'),
(301, 81, 1, '2019-02-14', '02:28:17'),
(302, 82, 1, '2019-02-14', '02:28:25'),
(303, 83, 1, '2019-02-14', '02:28:29'),
(304, 84, 1, '2019-02-14', '02:28:41'),
(305, 88, 1, '2019-02-14', '02:28:57'),
(306, 89, 1, '2019-02-14', '02:28:59'),
(307, 92, 1, '2019-02-14', '02:31:05'),
(308, 95, 1, '2019-02-14', '02:31:26'),
(309, 99, 1, '2019-02-14', '02:31:38'),
(310, 100, 1, '2019-02-14', '02:31:41'),
(311, 105, 1, '2019-02-14', '02:34:43'),
(312, 5, 1, '2019-02-12', '03:38:55'),
(313, 7, 1, '2019-02-12', '03:39:09'),
(314, 13, 1, '2019-02-12', '03:42:32'),
(315, 14, 1, '2019-02-12', '03:43:35'),
(316, 15, 1, '2019-02-12', '03:44:39'),
(317, 16, 1, '2019-02-12', '03:45:42'),
(318, 17, 1, '2019-02-12', '03:46:45'),
(319, 18, 1, '2019-02-12', '03:47:48'),
(320, 25, 1, '2019-02-14', '00:28:13'),
(321, 28, 1, '2019-02-14', '00:29:31'),
(322, 30, 1, '2019-02-14', '00:29:44'),
(323, 43, 1, '2019-02-14', '00:40:37'),
(324, 48, 1, '2019-02-14', '00:42:57'),
(325, 52, 1, '2019-02-14', '02:18:20'),
(326, 55, 1, '2019-02-14', '02:18:37'),
(327, 58, 1, '2019-02-14', '02:18:55'),
(328, 61, 1, '2019-02-14', '02:19:13'),
(329, 64, 1, '2019-02-14', '02:19:31'),
(330, 68, 1, '2019-02-14', '02:19:53'),
(331, 70, 1, '2019-02-14', '02:19:59'),
(332, 78, 1, '2019-02-14', '02:27:54'),
(333, 79, 1, '2019-02-14', '02:28:05'),
(334, 80, 1, '2019-02-14', '02:28:13'),
(335, 81, 1, '2019-02-14', '02:28:17'),
(336, 82, 1, '2019-02-14', '02:28:25'),
(337, 83, 1, '2019-02-14', '02:28:29'),
(338, 84, 1, '2019-02-14', '02:28:41'),
(339, 88, 1, '2019-02-14', '02:28:57'),
(340, 89, 1, '2019-02-14', '02:28:59'),
(341, 92, 1, '2019-02-14', '02:31:05'),
(342, 95, 1, '2019-02-14', '02:31:26'),
(343, 99, 1, '2019-02-14', '02:31:38'),
(344, 100, 1, '2019-02-14', '02:31:41'),
(345, 105, 1, '2019-02-14', '02:34:43'),
(346, 5, 1, '2019-02-12', '03:38:55'),
(347, 7, 1, '2019-02-12', '03:39:09'),
(348, 13, 1, '2019-02-12', '03:42:32'),
(349, 14, 1, '2019-02-12', '03:43:35'),
(350, 15, 1, '2019-02-12', '03:44:39'),
(351, 16, 1, '2019-02-12', '03:45:42'),
(352, 17, 1, '2019-02-12', '03:46:45'),
(353, 18, 1, '2019-02-12', '03:47:48'),
(354, 25, 1, '2019-02-14', '00:28:13'),
(355, 28, 1, '2019-02-14', '00:29:31'),
(356, 30, 1, '2019-02-14', '00:29:44'),
(357, 43, 1, '2019-02-14', '00:40:37'),
(358, 48, 1, '2019-02-14', '00:42:57'),
(359, 52, 1, '2019-02-14', '02:18:20'),
(360, 55, 1, '2019-02-14', '02:18:37'),
(361, 58, 1, '2019-02-14', '02:18:55'),
(362, 61, 1, '2019-02-14', '02:19:13'),
(363, 64, 1, '2019-02-14', '02:19:31'),
(364, 68, 1, '2019-02-14', '02:19:53'),
(365, 70, 1, '2019-02-14', '02:19:59'),
(366, 78, 1, '2019-02-14', '02:27:54'),
(367, 79, 1, '2019-02-14', '02:28:05'),
(368, 80, 1, '2019-02-14', '02:28:13'),
(369, 81, 1, '2019-02-14', '02:28:17'),
(370, 82, 1, '2019-02-14', '02:28:25'),
(371, 83, 1, '2019-02-14', '02:28:29'),
(372, 84, 1, '2019-02-14', '02:28:41'),
(373, 88, 1, '2019-02-14', '02:28:57'),
(374, 89, 1, '2019-02-14', '02:28:59'),
(375, 92, 1, '2019-02-14', '02:31:05'),
(376, 95, 1, '2019-02-14', '02:31:26'),
(377, 99, 1, '2019-02-14', '02:31:38'),
(378, 100, 1, '2019-02-14', '02:31:41'),
(379, 105, 1, '2019-02-14', '02:34:43'),
(380, 116, 1, '2019-02-16', '00:01:14'),
(381, 123, 1, '2019-02-16', '00:02:15'),
(382, 133, 1, '2019-02-16', '00:03:11'),
(383, 134, 1, '2019-02-16', '00:03:21'),
(384, 135, 1, '2019-02-16', '00:03:30'),
(385, 141, 1, '2019-02-16', '00:03:58'),
(386, 142, 1, '2019-02-16', '00:04:09'),
(387, 143, 1, '2019-02-16', '00:04:17'),
(388, 144, 1, '2019-02-16', '00:04:21'),
(389, 145, 1, '2019-02-16', '00:04:29'),
(390, 169, 1, '2019-02-16', '00:06:25'),
(391, 170, 1, '2019-02-16', '00:06:28'),
(392, 175, 1, '2019-02-16', '00:06:52'),
(393, 176, 1, '2019-02-16', '00:07:02'),
(394, 177, 1, '2019-02-16', '00:07:10'),
(395, 185, 1, '2019-02-16', '00:11:20'),
(396, 188, 1, '2019-02-16', '00:11:34'),
(397, 190, 1, '2019-02-16', '00:11:50'),
(398, 194, 1, '2019-02-16', '00:12:01'),
(399, 195, 1, '2019-02-16', '00:12:04'),
(400, 199, 1, '2019-02-16', '00:12:22'),
(401, 291, 1, '2019-02-16', '00:38:37'),
(402, 292, 1, '2019-02-16', '00:39:44'),
(403, 297, 1, '2019-02-16', '00:40:04'),
(404, 298, 1, '2019-02-16', '00:40:07'),
(405, 306, 1, '2019-02-16', '00:45:48'),
(406, 307, 1, '2019-02-16', '00:45:50'),
(407, 326, 1, '2019-02-16', '01:36:20'),
(408, 329, 1, '2019-02-16', '01:36:30'),
(409, 337, 1, '2019-02-16', '01:37:33'),
(410, 338, 1, '2019-02-16', '01:38:08'),
(411, 339, 1, '2019-02-16', '01:38:11'),
(412, 340, 1, '2019-02-16', '01:38:14'),
(413, 341, 1, '2019-02-16', '01:38:17'),
(414, 342, 1, '2019-02-16', '01:38:20'),
(415, 343, 1, '2019-02-16', '01:38:24'),
(416, 344, 1, '2019-02-16', '01:38:27'),
(417, 346, 1, '2019-02-16', '01:48:49'),
(418, 347, 1, '2019-02-16', '01:48:51'),
(419, 348, 1, '2019-02-16', '01:48:54'),
(420, 349, 1, '2019-02-16', '01:48:58'),
(421, 350, 1, '2019-02-16', '01:49:01'),
(422, 5, 1, '2019-02-12', '03:38:55'),
(423, 7, 1, '2019-02-12', '03:39:09'),
(424, 13, 1, '2019-02-12', '03:42:32'),
(425, 14, 1, '2019-02-12', '03:43:35'),
(426, 15, 1, '2019-02-12', '03:44:39'),
(427, 16, 1, '2019-02-12', '03:45:42'),
(428, 17, 1, '2019-02-12', '03:46:45'),
(429, 18, 1, '2019-02-12', '03:47:48'),
(430, 25, 1, '2019-02-14', '00:28:13'),
(431, 28, 1, '2019-02-14', '00:29:31'),
(432, 30, 1, '2019-02-14', '00:29:44'),
(433, 43, 1, '2019-02-14', '00:40:37'),
(434, 48, 1, '2019-02-14', '00:42:57'),
(435, 52, 1, '2019-02-14', '02:18:20'),
(436, 55, 1, '2019-02-14', '02:18:37'),
(437, 58, 1, '2019-02-14', '02:18:55'),
(438, 61, 1, '2019-02-14', '02:19:13'),
(439, 64, 1, '2019-02-14', '02:19:31'),
(440, 68, 1, '2019-02-14', '02:19:53'),
(441, 70, 1, '2019-02-14', '02:19:59'),
(442, 78, 1, '2019-02-14', '02:27:54'),
(443, 79, 1, '2019-02-14', '02:28:05'),
(444, 80, 1, '2019-02-14', '02:28:13'),
(445, 81, 1, '2019-02-14', '02:28:17'),
(446, 82, 1, '2019-02-14', '02:28:25'),
(447, 83, 1, '2019-02-14', '02:28:29'),
(448, 84, 1, '2019-02-14', '02:28:41'),
(449, 88, 1, '2019-02-14', '02:28:57'),
(450, 89, 1, '2019-02-14', '02:28:59'),
(451, 92, 1, '2019-02-14', '02:31:05'),
(452, 95, 1, '2019-02-14', '02:31:26'),
(453, 99, 1, '2019-02-14', '02:31:38'),
(454, 100, 1, '2019-02-14', '02:31:41'),
(455, 105, 1, '2019-02-14', '02:34:43'),
(456, 116, 1, '2019-02-16', '00:01:14'),
(457, 123, 1, '2019-02-16', '00:02:15'),
(458, 133, 1, '2019-02-16', '00:03:11'),
(459, 134, 1, '2019-02-16', '00:03:21'),
(460, 135, 1, '2019-02-16', '00:03:30'),
(461, 141, 1, '2019-02-16', '00:03:58'),
(462, 142, 1, '2019-02-16', '00:04:09'),
(463, 143, 1, '2019-02-16', '00:04:17'),
(464, 144, 1, '2019-02-16', '00:04:21'),
(465, 145, 1, '2019-02-16', '00:04:29'),
(466, 169, 1, '2019-02-16', '00:06:25'),
(467, 170, 1, '2019-02-16', '00:06:28'),
(468, 175, 1, '2019-02-16', '00:06:52'),
(469, 176, 1, '2019-02-16', '00:07:02'),
(470, 177, 1, '2019-02-16', '00:07:10'),
(471, 185, 1, '2019-02-16', '00:11:20'),
(472, 188, 1, '2019-02-16', '00:11:34'),
(473, 190, 1, '2019-02-16', '00:11:50'),
(474, 194, 1, '2019-02-16', '00:12:01'),
(475, 195, 1, '2019-02-16', '00:12:04'),
(476, 199, 1, '2019-02-16', '00:12:22'),
(477, 291, 1, '2019-02-16', '00:38:37'),
(478, 292, 1, '2019-02-16', '00:39:44'),
(479, 297, 1, '2019-02-16', '00:40:04'),
(480, 298, 1, '2019-02-16', '00:40:07'),
(481, 306, 1, '2019-02-16', '00:45:48'),
(482, 307, 1, '2019-02-16', '00:45:50'),
(483, 326, 1, '2019-02-16', '01:36:20'),
(484, 329, 1, '2019-02-16', '01:36:30'),
(485, 337, 1, '2019-02-16', '01:37:33'),
(486, 338, 1, '2019-02-16', '01:38:08'),
(487, 339, 1, '2019-02-16', '01:38:11'),
(488, 340, 1, '2019-02-16', '01:38:14'),
(489, 341, 1, '2019-02-16', '01:38:17'),
(490, 342, 1, '2019-02-16', '01:38:20'),
(491, 343, 1, '2019-02-16', '01:38:24'),
(492, 344, 1, '2019-02-16', '01:38:27'),
(493, 346, 1, '2019-02-16', '01:48:49'),
(494, 347, 1, '2019-02-16', '01:48:51'),
(495, 348, 1, '2019-02-16', '01:48:54'),
(496, 349, 1, '2019-02-16', '01:48:58'),
(497, 350, 1, '2019-02-16', '01:49:01'),
(498, 352, 1, '2019-02-16', '01:56:29'),
(499, 356, 1, '2019-02-16', '01:56:57'),
(500, 357, 1, '2019-02-16', '01:57:07'),
(501, 358, 1, '2019-02-16', '01:57:15'),
(502, 362, 1, '2019-02-16', '01:57:31'),
(503, 363, 1, '2019-02-16', '01:57:34'),
(504, 364, 1, '2019-02-16', '01:57:42'),
(505, 365, 1, '2019-02-16', '01:57:45'),
(506, 366, 1, '2019-02-16', '01:57:49'),
(507, 367, 1, '2019-02-16', '01:57:57'),
(508, 369, 1, '2019-02-16', '01:58:00'),
(509, 370, 1, '2019-02-16', '01:58:03'),
(510, 371, 1, '2019-02-16', '01:58:11'),
(511, 373, 1, '2019-02-16', '01:58:15'),
(512, 374, 1, '2019-02-16', '01:58:18'),
(513, 375, 1, '2019-02-16', '01:58:27'),
(514, 376, 1, '2019-02-16', '01:58:30'),
(515, 378, 1, '2019-02-16', '01:58:33'),
(516, 385, 1, '2019-02-16', '01:59:16'),
(517, 386, 1, '2019-02-16', '01:59:18'),
(518, 387, 1, '2019-02-16', '01:59:26'),
(519, 388, 1, '2019-02-16', '01:59:30'),
(520, 389, 1, '2019-02-16', '01:59:33'),
(521, 390, 1, '2019-02-16', '01:59:41'),
(522, 391, 1, '2019-02-16', '01:59:45'),
(523, 392, 1, '2019-02-16', '01:59:48'),
(524, 393, 1, '2019-02-16', '01:59:56'),
(525, 394, 1, '2019-02-16', '01:59:59'),
(526, 395, 1, '2019-02-16', '02:00:02'),
(527, 397, 1, '2019-02-16', '02:00:11'),
(528, 398, 1, '2019-02-16', '02:00:14'),
(529, 400, 1, '2019-02-16', '02:00:18'),
(530, 5, 1, '2019-02-12', '03:38:55'),
(531, 7, 1, '2019-02-12', '03:39:09'),
(532, 13, 1, '2019-02-12', '03:42:32'),
(533, 14, 1, '2019-02-12', '03:43:35'),
(534, 15, 1, '2019-02-12', '03:44:39'),
(535, 16, 1, '2019-02-12', '03:45:42'),
(536, 17, 1, '2019-02-12', '03:46:45'),
(537, 18, 1, '2019-02-12', '03:47:48'),
(538, 25, 1, '2019-02-14', '00:28:13'),
(539, 28, 1, '2019-02-14', '00:29:31'),
(540, 30, 1, '2019-02-14', '00:29:44'),
(541, 43, 1, '2019-02-14', '00:40:37'),
(542, 48, 1, '2019-02-14', '00:42:57'),
(543, 52, 1, '2019-02-14', '02:18:20'),
(544, 55, 1, '2019-02-14', '02:18:37'),
(545, 58, 1, '2019-02-14', '02:18:55'),
(546, 61, 1, '2019-02-14', '02:19:13'),
(547, 64, 1, '2019-02-14', '02:19:31'),
(548, 68, 1, '2019-02-14', '02:19:53'),
(549, 70, 1, '2019-02-14', '02:19:59'),
(550, 78, 1, '2019-02-14', '02:27:54'),
(551, 79, 1, '2019-02-14', '02:28:05'),
(552, 80, 1, '2019-02-14', '02:28:13'),
(553, 81, 1, '2019-02-14', '02:28:17'),
(554, 82, 1, '2019-02-14', '02:28:25'),
(555, 83, 1, '2019-02-14', '02:28:29'),
(556, 84, 1, '2019-02-14', '02:28:41'),
(557, 88, 1, '2019-02-14', '02:28:57'),
(558, 89, 1, '2019-02-14', '02:28:59'),
(559, 92, 1, '2019-02-14', '02:31:05'),
(560, 95, 1, '2019-02-14', '02:31:26'),
(561, 99, 1, '2019-02-14', '02:31:38'),
(562, 100, 1, '2019-02-14', '02:31:41'),
(563, 105, 1, '2019-02-14', '02:34:43'),
(564, 116, 1, '2019-02-16', '00:01:14'),
(565, 123, 1, '2019-02-16', '00:02:15'),
(566, 133, 1, '2019-02-16', '00:03:11'),
(567, 134, 1, '2019-02-16', '00:03:21'),
(568, 135, 1, '2019-02-16', '00:03:30'),
(569, 141, 1, '2019-02-16', '00:03:58'),
(570, 142, 1, '2019-02-16', '00:04:09'),
(571, 143, 1, '2019-02-16', '00:04:17'),
(572, 144, 1, '2019-02-16', '00:04:21'),
(573, 145, 1, '2019-02-16', '00:04:29'),
(574, 169, 1, '2019-02-16', '00:06:25'),
(575, 170, 1, '2019-02-16', '00:06:28'),
(576, 175, 1, '2019-02-16', '00:06:52'),
(577, 176, 1, '2019-02-16', '00:07:02'),
(578, 177, 1, '2019-02-16', '00:07:10'),
(579, 185, 1, '2019-02-16', '00:11:20'),
(580, 188, 1, '2019-02-16', '00:11:34'),
(581, 190, 1, '2019-02-16', '00:11:50'),
(582, 194, 1, '2019-02-16', '00:12:01'),
(583, 195, 1, '2019-02-16', '00:12:04'),
(584, 199, 1, '2019-02-16', '00:12:22'),
(585, 291, 1, '2019-02-16', '00:38:37'),
(586, 292, 1, '2019-02-16', '00:39:44'),
(587, 297, 1, '2019-02-16', '00:40:04'),
(588, 298, 1, '2019-02-16', '00:40:07'),
(589, 306, 1, '2019-02-16', '00:45:48'),
(590, 307, 1, '2019-02-16', '00:45:50'),
(591, 326, 1, '2019-02-16', '01:36:20'),
(592, 329, 1, '2019-02-16', '01:36:30'),
(593, 337, 1, '2019-02-16', '01:37:33'),
(594, 338, 1, '2019-02-16', '01:38:08'),
(595, 339, 1, '2019-02-16', '01:38:11'),
(596, 340, 1, '2019-02-16', '01:38:14'),
(597, 341, 1, '2019-02-16', '01:38:17'),
(598, 342, 1, '2019-02-16', '01:38:20'),
(599, 343, 1, '2019-02-16', '01:38:24'),
(600, 344, 1, '2019-02-16', '01:38:27'),
(601, 346, 1, '2019-02-16', '01:48:49'),
(602, 347, 1, '2019-02-16', '01:48:51'),
(603, 348, 1, '2019-02-16', '01:48:54'),
(604, 349, 1, '2019-02-16', '01:48:58'),
(605, 350, 1, '2019-02-16', '01:49:01'),
(606, 352, 1, '2019-02-16', '01:56:29'),
(607, 356, 1, '2019-02-16', '01:56:57'),
(608, 357, 1, '2019-02-16', '01:57:07'),
(609, 358, 1, '2019-02-16', '01:57:15'),
(610, 362, 1, '2019-02-16', '01:57:31'),
(611, 363, 1, '2019-02-16', '01:57:34'),
(612, 364, 1, '2019-02-16', '01:57:42'),
(613, 365, 1, '2019-02-16', '01:57:45'),
(614, 366, 1, '2019-02-16', '01:57:49'),
(615, 367, 1, '2019-02-16', '01:57:57'),
(616, 369, 1, '2019-02-16', '01:58:00'),
(617, 370, 1, '2019-02-16', '01:58:03'),
(618, 371, 1, '2019-02-16', '01:58:11'),
(619, 373, 1, '2019-02-16', '01:58:15'),
(620, 374, 1, '2019-02-16', '01:58:18'),
(621, 375, 1, '2019-02-16', '01:58:27'),
(622, 376, 1, '2019-02-16', '01:58:30'),
(623, 378, 1, '2019-02-16', '01:58:33'),
(624, 385, 1, '2019-02-16', '01:59:16'),
(625, 386, 1, '2019-02-16', '01:59:18'),
(626, 387, 1, '2019-02-16', '01:59:26'),
(627, 388, 1, '2019-02-16', '01:59:30'),
(628, 389, 1, '2019-02-16', '01:59:33'),
(629, 390, 1, '2019-02-16', '01:59:41'),
(630, 391, 1, '2019-02-16', '01:59:45'),
(631, 392, 1, '2019-02-16', '01:59:48'),
(632, 393, 1, '2019-02-16', '01:59:56'),
(633, 394, 1, '2019-02-16', '01:59:59'),
(634, 395, 1, '2019-02-16', '02:00:02'),
(635, 397, 1, '2019-02-16', '02:00:11'),
(636, 398, 1, '2019-02-16', '02:00:14'),
(637, 400, 1, '2019-02-16', '02:00:18'),
(638, 403, 1, '2019-02-16', '02:05:18'),
(639, 404, 1, '2019-02-16', '02:05:28'),
(640, 405, 1, '2019-02-16', '02:05:36'),
(641, 416, 1, '2019-02-16', '02:06:29'),
(642, 417, 1, '2019-02-16', '02:06:31'),
(643, 418, 1, '2019-02-16', '02:06:34'),
(644, 419, 1, '2019-02-16', '02:06:37'),
(645, 420, 1, '2019-02-16', '02:06:40'),
(646, 421, 1, '2019-02-16', '02:06:44'),
(647, 422, 1, '2019-02-16', '02:06:47'),
(648, 423, 1, '2019-02-16', '02:06:50'),
(649, 424, 1, '2019-02-16', '02:06:53'),
(650, 425, 1, '2019-02-16', '02:06:56'),
(651, 427, 1, '2019-02-16', '02:07:12'),
(652, 5, 1, '2019-02-12', '03:38:55'),
(653, 7, 1, '2019-02-12', '03:39:09'),
(654, 13, 1, '2019-02-12', '03:42:32'),
(655, 14, 1, '2019-02-12', '03:43:35'),
(656, 15, 1, '2019-02-12', '03:44:39'),
(657, 16, 1, '2019-02-12', '03:45:42'),
(658, 17, 1, '2019-02-12', '03:46:45'),
(659, 18, 1, '2019-02-12', '03:47:48'),
(660, 25, 1, '2019-02-14', '00:28:13'),
(661, 28, 1, '2019-02-14', '00:29:31'),
(662, 30, 1, '2019-02-14', '00:29:44'),
(663, 43, 1, '2019-02-14', '00:40:37'),
(664, 48, 1, '2019-02-14', '00:42:57'),
(665, 52, 1, '2019-02-14', '02:18:20'),
(666, 55, 1, '2019-02-14', '02:18:37'),
(667, 58, 1, '2019-02-14', '02:18:55'),
(668, 61, 1, '2019-02-14', '02:19:13'),
(669, 64, 1, '2019-02-14', '02:19:31'),
(670, 68, 1, '2019-02-14', '02:19:53'),
(671, 70, 1, '2019-02-14', '02:19:59'),
(672, 78, 1, '2019-02-14', '02:27:54'),
(673, 79, 1, '2019-02-14', '02:28:05'),
(674, 80, 1, '2019-02-14', '02:28:13'),
(675, 81, 1, '2019-02-14', '02:28:17'),
(676, 82, 1, '2019-02-14', '02:28:25'),
(677, 83, 1, '2019-02-14', '02:28:29'),
(678, 84, 1, '2019-02-14', '02:28:41'),
(679, 88, 1, '2019-02-14', '02:28:57'),
(680, 89, 1, '2019-02-14', '02:28:59'),
(681, 92, 1, '2019-02-14', '02:31:05'),
(682, 95, 1, '2019-02-14', '02:31:26'),
(683, 99, 1, '2019-02-14', '02:31:38'),
(684, 100, 1, '2019-02-14', '02:31:41'),
(685, 105, 1, '2019-02-14', '02:34:43'),
(686, 116, 1, '2019-02-16', '00:01:14'),
(687, 123, 1, '2019-02-16', '00:02:15'),
(688, 133, 1, '2019-02-16', '00:03:11'),
(689, 134, 1, '2019-02-16', '00:03:21'),
(690, 135, 1, '2019-02-16', '00:03:30'),
(691, 141, 1, '2019-02-16', '00:03:58'),
(692, 142, 1, '2019-02-16', '00:04:09'),
(693, 143, 1, '2019-02-16', '00:04:17'),
(694, 144, 1, '2019-02-16', '00:04:21'),
(695, 145, 1, '2019-02-16', '00:04:29'),
(696, 169, 1, '2019-02-16', '00:06:25'),
(697, 170, 1, '2019-02-16', '00:06:28'),
(698, 175, 1, '2019-02-16', '00:06:52'),
(699, 176, 1, '2019-02-16', '00:07:02'),
(700, 177, 1, '2019-02-16', '00:07:10'),
(701, 185, 1, '2019-02-16', '00:11:20'),
(702, 188, 1, '2019-02-16', '00:11:34'),
(703, 190, 1, '2019-02-16', '00:11:50'),
(704, 194, 1, '2019-02-16', '00:12:01'),
(705, 195, 1, '2019-02-16', '00:12:04'),
(706, 199, 1, '2019-02-16', '00:12:22'),
(707, 291, 1, '2019-02-16', '00:38:37'),
(708, 292, 1, '2019-02-16', '00:39:44'),
(709, 297, 1, '2019-02-16', '00:40:04'),
(710, 298, 1, '2019-02-16', '00:40:07'),
(711, 306, 1, '2019-02-16', '00:45:48'),
(712, 307, 1, '2019-02-16', '00:45:50'),
(713, 326, 1, '2019-02-16', '01:36:20'),
(714, 329, 1, '2019-02-16', '01:36:30'),
(715, 337, 1, '2019-02-16', '01:37:33'),
(716, 338, 1, '2019-02-16', '01:38:08'),
(717, 339, 1, '2019-02-16', '01:38:11'),
(718, 340, 1, '2019-02-16', '01:38:14'),
(719, 341, 1, '2019-02-16', '01:38:17'),
(720, 342, 1, '2019-02-16', '01:38:20'),
(721, 343, 1, '2019-02-16', '01:38:24'),
(722, 344, 1, '2019-02-16', '01:38:27'),
(723, 346, 1, '2019-02-16', '01:48:49'),
(724, 347, 1, '2019-02-16', '01:48:51'),
(725, 348, 1, '2019-02-16', '01:48:54'),
(726, 349, 1, '2019-02-16', '01:48:58'),
(727, 350, 1, '2019-02-16', '01:49:01'),
(728, 352, 1, '2019-02-16', '01:56:29'),
(729, 356, 1, '2019-02-16', '01:56:57'),
(730, 357, 1, '2019-02-16', '01:57:07'),
(731, 358, 1, '2019-02-16', '01:57:15'),
(732, 362, 1, '2019-02-16', '01:57:31'),
(733, 363, 1, '2019-02-16', '01:57:34'),
(734, 364, 1, '2019-02-16', '01:57:42'),
(735, 365, 1, '2019-02-16', '01:57:45'),
(736, 366, 1, '2019-02-16', '01:57:49'),
(737, 367, 1, '2019-02-16', '01:57:57'),
(738, 369, 1, '2019-02-16', '01:58:00'),
(739, 370, 1, '2019-02-16', '01:58:03'),
(740, 371, 1, '2019-02-16', '01:58:11'),
(741, 373, 1, '2019-02-16', '01:58:15'),
(742, 374, 1, '2019-02-16', '01:58:18'),
(743, 375, 1, '2019-02-16', '01:58:27'),
(744, 376, 1, '2019-02-16', '01:58:30'),
(745, 378, 1, '2019-02-16', '01:58:33'),
(746, 385, 1, '2019-02-16', '01:59:16'),
(747, 386, 1, '2019-02-16', '01:59:18'),
(748, 387, 1, '2019-02-16', '01:59:26'),
(749, 388, 1, '2019-02-16', '01:59:30'),
(750, 389, 1, '2019-02-16', '01:59:33'),
(751, 390, 1, '2019-02-16', '01:59:41'),
(752, 391, 1, '2019-02-16', '01:59:45'),
(753, 392, 1, '2019-02-16', '01:59:48'),
(754, 393, 1, '2019-02-16', '01:59:56'),
(755, 394, 1, '2019-02-16', '01:59:59'),
(756, 395, 1, '2019-02-16', '02:00:02'),
(757, 397, 1, '2019-02-16', '02:00:11'),
(758, 398, 1, '2019-02-16', '02:00:14'),
(759, 400, 1, '2019-02-16', '02:00:18'),
(760, 403, 1, '2019-02-16', '02:05:18'),
(761, 404, 1, '2019-02-16', '02:05:28'),
(762, 405, 1, '2019-02-16', '02:05:36'),
(763, 416, 1, '2019-02-16', '02:06:29'),
(764, 417, 1, '2019-02-16', '02:06:31'),
(765, 418, 1, '2019-02-16', '02:06:34'),
(766, 419, 1, '2019-02-16', '02:06:37'),
(767, 420, 1, '2019-02-16', '02:06:40'),
(768, 421, 1, '2019-02-16', '02:06:44'),
(769, 422, 1, '2019-02-16', '02:06:47'),
(770, 423, 1, '2019-02-16', '02:06:50'),
(771, 424, 1, '2019-02-16', '02:06:53'),
(772, 425, 1, '2019-02-16', '02:06:56'),
(773, 427, 1, '2019-02-16', '02:07:12'),
(774, 5, 1, '2019-02-12', '03:38:55'),
(775, 7, 1, '2019-02-12', '03:39:09'),
(776, 13, 1, '2019-02-12', '03:42:32'),
(777, 14, 1, '2019-02-12', '03:43:35'),
(778, 15, 1, '2019-02-12', '03:44:39'),
(779, 16, 1, '2019-02-12', '03:45:42'),
(780, 17, 1, '2019-02-12', '03:46:45'),
(781, 18, 1, '2019-02-12', '03:47:48'),
(782, 25, 1, '2019-02-14', '00:28:13'),
(783, 28, 1, '2019-02-14', '00:29:31'),
(784, 30, 1, '2019-02-14', '00:29:44'),
(785, 43, 1, '2019-02-14', '00:40:37'),
(786, 48, 1, '2019-02-14', '00:42:57'),
(787, 52, 1, '2019-02-14', '02:18:20'),
(788, 55, 1, '2019-02-14', '02:18:37'),
(789, 58, 1, '2019-02-14', '02:18:55'),
(790, 61, 1, '2019-02-14', '02:19:13'),
(791, 64, 1, '2019-02-14', '02:19:31'),
(792, 68, 1, '2019-02-14', '02:19:53'),
(793, 70, 1, '2019-02-14', '02:19:59'),
(794, 78, 1, '2019-02-14', '02:27:54'),
(795, 79, 1, '2019-02-14', '02:28:05'),
(796, 80, 1, '2019-02-14', '02:28:13'),
(797, 81, 1, '2019-02-14', '02:28:17'),
(798, 82, 1, '2019-02-14', '02:28:25'),
(799, 83, 1, '2019-02-14', '02:28:29'),
(800, 84, 1, '2019-02-14', '02:28:41'),
(801, 88, 1, '2019-02-14', '02:28:57'),
(802, 89, 1, '2019-02-14', '02:28:59'),
(803, 92, 1, '2019-02-14', '02:31:05'),
(804, 95, 1, '2019-02-14', '02:31:26'),
(805, 99, 1, '2019-02-14', '02:31:38'),
(806, 100, 1, '2019-02-14', '02:31:41'),
(807, 105, 1, '2019-02-14', '02:34:43'),
(808, 116, 1, '2019-02-16', '00:01:14'),
(809, 123, 1, '2019-02-16', '00:02:15'),
(810, 133, 1, '2019-02-16', '00:03:11'),
(811, 134, 1, '2019-02-16', '00:03:21'),
(812, 135, 1, '2019-02-16', '00:03:30'),
(813, 141, 1, '2019-02-16', '00:03:58'),
(814, 142, 1, '2019-02-16', '00:04:09'),
(815, 143, 1, '2019-02-16', '00:04:17'),
(816, 144, 1, '2019-02-16', '00:04:21'),
(817, 145, 1, '2019-02-16', '00:04:29'),
(818, 169, 1, '2019-02-16', '00:06:25'),
(819, 170, 1, '2019-02-16', '00:06:28'),
(820, 175, 1, '2019-02-16', '00:06:52'),
(821, 176, 1, '2019-02-16', '00:07:02'),
(822, 177, 1, '2019-02-16', '00:07:10'),
(823, 185, 1, '2019-02-16', '00:11:20'),
(824, 188, 1, '2019-02-16', '00:11:34'),
(825, 190, 1, '2019-02-16', '00:11:50'),
(826, 194, 1, '2019-02-16', '00:12:01'),
(827, 195, 1, '2019-02-16', '00:12:04'),
(828, 199, 1, '2019-02-16', '00:12:22'),
(829, 291, 1, '2019-02-16', '00:38:37'),
(830, 292, 1, '2019-02-16', '00:39:44'),
(831, 297, 1, '2019-02-16', '00:40:04'),
(832, 298, 1, '2019-02-16', '00:40:07'),
(833, 306, 1, '2019-02-16', '00:45:48'),
(834, 307, 1, '2019-02-16', '00:45:50'),
(835, 326, 1, '2019-02-16', '01:36:20'),
(836, 329, 1, '2019-02-16', '01:36:30'),
(837, 337, 1, '2019-02-16', '01:37:33'),
(838, 338, 1, '2019-02-16', '01:38:08'),
(839, 339, 1, '2019-02-16', '01:38:11'),
(840, 340, 1, '2019-02-16', '01:38:14'),
(841, 341, 1, '2019-02-16', '01:38:17'),
(842, 342, 1, '2019-02-16', '01:38:20'),
(843, 343, 1, '2019-02-16', '01:38:24'),
(844, 344, 1, '2019-02-16', '01:38:27'),
(845, 346, 1, '2019-02-16', '01:48:49'),
(846, 347, 1, '2019-02-16', '01:48:51'),
(847, 348, 1, '2019-02-16', '01:48:54'),
(848, 349, 1, '2019-02-16', '01:48:58'),
(849, 350, 1, '2019-02-16', '01:49:01'),
(850, 352, 1, '2019-02-16', '01:56:29'),
(851, 356, 1, '2019-02-16', '01:56:57'),
(852, 357, 1, '2019-02-16', '01:57:07'),
(853, 358, 1, '2019-02-16', '01:57:15'),
(854, 362, 1, '2019-02-16', '01:57:31'),
(855, 363, 1, '2019-02-16', '01:57:34'),
(856, 364, 1, '2019-02-16', '01:57:42'),
(857, 365, 1, '2019-02-16', '01:57:45'),
(858, 366, 1, '2019-02-16', '01:57:49'),
(859, 367, 1, '2019-02-16', '01:57:57'),
(860, 369, 1, '2019-02-16', '01:58:00'),
(861, 370, 1, '2019-02-16', '01:58:03'),
(862, 371, 1, '2019-02-16', '01:58:11'),
(863, 373, 1, '2019-02-16', '01:58:15'),
(864, 374, 1, '2019-02-16', '01:58:18'),
(865, 375, 1, '2019-02-16', '01:58:27'),
(866, 376, 1, '2019-02-16', '01:58:30'),
(867, 378, 1, '2019-02-16', '01:58:33'),
(868, 385, 1, '2019-02-16', '01:59:16'),
(869, 386, 1, '2019-02-16', '01:59:18'),
(870, 387, 1, '2019-02-16', '01:59:26'),
(871, 388, 1, '2019-02-16', '01:59:30'),
(872, 389, 1, '2019-02-16', '01:59:33'),
(873, 390, 1, '2019-02-16', '01:59:41'),
(874, 391, 1, '2019-02-16', '01:59:45'),
(875, 392, 1, '2019-02-16', '01:59:48'),
(876, 393, 1, '2019-02-16', '01:59:56'),
(877, 394, 1, '2019-02-16', '01:59:59'),
(878, 395, 1, '2019-02-16', '02:00:02'),
(879, 397, 1, '2019-02-16', '02:00:11'),
(880, 398, 1, '2019-02-16', '02:00:14'),
(881, 400, 1, '2019-02-16', '02:00:18'),
(882, 403, 1, '2019-02-16', '02:05:18'),
(883, 404, 1, '2019-02-16', '02:05:28'),
(884, 405, 1, '2019-02-16', '02:05:36'),
(885, 416, 1, '2019-02-16', '02:06:29'),
(886, 417, 1, '2019-02-16', '02:06:31'),
(887, 418, 1, '2019-02-16', '02:06:34'),
(888, 419, 1, '2019-02-16', '02:06:37'),
(889, 420, 1, '2019-02-16', '02:06:40'),
(890, 421, 1, '2019-02-16', '02:06:44'),
(891, 422, 1, '2019-02-16', '02:06:47'),
(892, 423, 1, '2019-02-16', '02:06:50'),
(893, 424, 1, '2019-02-16', '02:06:53'),
(894, 425, 1, '2019-02-16', '02:06:56'),
(895, 427, 1, '2019-02-16', '02:07:12'),
(896, 5, 1, '2019-02-12', '03:38:55'),
(897, 7, 1, '2019-02-12', '03:39:09'),
(898, 13, 1, '2019-02-12', '03:42:32'),
(899, 14, 1, '2019-02-12', '03:43:35'),
(900, 15, 1, '2019-02-12', '03:44:39'),
(901, 16, 1, '2019-02-12', '03:45:42'),
(902, 17, 1, '2019-02-12', '03:46:45'),
(903, 18, 1, '2019-02-12', '03:47:48'),
(904, 25, 1, '2019-02-14', '00:28:13'),
(905, 28, 1, '2019-02-14', '00:29:31'),
(906, 30, 1, '2019-02-14', '00:29:44'),
(907, 43, 1, '2019-02-14', '00:40:37'),
(908, 48, 1, '2019-02-14', '00:42:57'),
(909, 52, 1, '2019-02-14', '02:18:20'),
(910, 55, 1, '2019-02-14', '02:18:37'),
(911, 58, 1, '2019-02-14', '02:18:55'),
(912, 61, 1, '2019-02-14', '02:19:13'),
(913, 64, 1, '2019-02-14', '02:19:31'),
(914, 68, 1, '2019-02-14', '02:19:53'),
(915, 70, 1, '2019-02-14', '02:19:59'),
(916, 78, 1, '2019-02-14', '02:27:54'),
(917, 79, 1, '2019-02-14', '02:28:05'),
(918, 80, 1, '2019-02-14', '02:28:13'),
(919, 81, 1, '2019-02-14', '02:28:17'),
(920, 82, 1, '2019-02-14', '02:28:25'),
(921, 83, 1, '2019-02-14', '02:28:29'),
(922, 84, 1, '2019-02-14', '02:28:41'),
(923, 88, 1, '2019-02-14', '02:28:57'),
(924, 89, 1, '2019-02-14', '02:28:59'),
(925, 92, 1, '2019-02-14', '02:31:05'),
(926, 95, 1, '2019-02-14', '02:31:26'),
(927, 99, 1, '2019-02-14', '02:31:38'),
(928, 100, 1, '2019-02-14', '02:31:41'),
(929, 105, 1, '2019-02-14', '02:34:43'),
(930, 116, 1, '2019-02-16', '00:01:14'),
(931, 123, 1, '2019-02-16', '00:02:15'),
(932, 133, 1, '2019-02-16', '00:03:11'),
(933, 134, 1, '2019-02-16', '00:03:21'),
(934, 135, 1, '2019-02-16', '00:03:30'),
(935, 141, 1, '2019-02-16', '00:03:58'),
(936, 142, 1, '2019-02-16', '00:04:09'),
(937, 143, 1, '2019-02-16', '00:04:17'),
(938, 144, 1, '2019-02-16', '00:04:21'),
(939, 145, 1, '2019-02-16', '00:04:29'),
(940, 169, 1, '2019-02-16', '00:06:25'),
(941, 170, 1, '2019-02-16', '00:06:28'),
(942, 175, 1, '2019-02-16', '00:06:52'),
(943, 176, 1, '2019-02-16', '00:07:02'),
(944, 177, 1, '2019-02-16', '00:07:10'),
(945, 185, 1, '2019-02-16', '00:11:20'),
(946, 188, 1, '2019-02-16', '00:11:34'),
(947, 190, 1, '2019-02-16', '00:11:50'),
(948, 194, 1, '2019-02-16', '00:12:01'),
(949, 195, 1, '2019-02-16', '00:12:04'),
(950, 199, 1, '2019-02-16', '00:12:22'),
(951, 291, 1, '2019-02-16', '00:38:37'),
(952, 292, 1, '2019-02-16', '00:39:44'),
(953, 297, 1, '2019-02-16', '00:40:04'),
(954, 298, 1, '2019-02-16', '00:40:07'),
(955, 306, 1, '2019-02-16', '00:45:48'),
(956, 307, 1, '2019-02-16', '00:45:50'),
(957, 326, 1, '2019-02-16', '01:36:20'),
(958, 329, 1, '2019-02-16', '01:36:30'),
(959, 337, 1, '2019-02-16', '01:37:33'),
(960, 338, 1, '2019-02-16', '01:38:08'),
(961, 339, 1, '2019-02-16', '01:38:11'),
(962, 340, 1, '2019-02-16', '01:38:14'),
(963, 341, 1, '2019-02-16', '01:38:17'),
(964, 342, 1, '2019-02-16', '01:38:20'),
(965, 343, 1, '2019-02-16', '01:38:24'),
(966, 344, 1, '2019-02-16', '01:38:27'),
(967, 346, 1, '2019-02-16', '01:48:49'),
(968, 347, 1, '2019-02-16', '01:48:51'),
(969, 348, 1, '2019-02-16', '01:48:54'),
(970, 349, 1, '2019-02-16', '01:48:58'),
(971, 350, 1, '2019-02-16', '01:49:01'),
(972, 352, 1, '2019-02-16', '01:56:29'),
(973, 356, 1, '2019-02-16', '01:56:57'),
(974, 357, 1, '2019-02-16', '01:57:07'),
(975, 358, 1, '2019-02-16', '01:57:15'),
(976, 362, 1, '2019-02-16', '01:57:31'),
(977, 363, 1, '2019-02-16', '01:57:34'),
(978, 364, 1, '2019-02-16', '01:57:42'),
(979, 365, 1, '2019-02-16', '01:57:45'),
(980, 366, 1, '2019-02-16', '01:57:49'),
(981, 367, 1, '2019-02-16', '01:57:57'),
(982, 369, 1, '2019-02-16', '01:58:00'),
(983, 370, 1, '2019-02-16', '01:58:03'),
(984, 371, 1, '2019-02-16', '01:58:11'),
(985, 373, 1, '2019-02-16', '01:58:15'),
(986, 374, 1, '2019-02-16', '01:58:18'),
(987, 375, 1, '2019-02-16', '01:58:27'),
(988, 376, 1, '2019-02-16', '01:58:30'),
(989, 378, 1, '2019-02-16', '01:58:33'),
(990, 385, 1, '2019-02-16', '01:59:16'),
(991, 386, 1, '2019-02-16', '01:59:18'),
(992, 387, 1, '2019-02-16', '01:59:26'),
(993, 388, 1, '2019-02-16', '01:59:30'),
(994, 389, 1, '2019-02-16', '01:59:33'),
(995, 390, 1, '2019-02-16', '01:59:41'),
(996, 391, 1, '2019-02-16', '01:59:45'),
(997, 392, 1, '2019-02-16', '01:59:48'),
(998, 393, 1, '2019-02-16', '01:59:56'),
(999, 394, 1, '2019-02-16', '01:59:59'),
(1000, 395, 1, '2019-02-16', '02:00:02'),
(1001, 397, 1, '2019-02-16', '02:00:11'),
(1002, 398, 1, '2019-02-16', '02:00:14'),
(1003, 400, 1, '2019-02-16', '02:00:18'),
(1004, 403, 1, '2019-02-16', '02:05:18'),
(1005, 404, 1, '2019-02-16', '02:05:28'),
(1006, 405, 1, '2019-02-16', '02:05:36'),
(1007, 416, 1, '2019-02-16', '02:06:29'),
(1008, 417, 1, '2019-02-16', '02:06:31'),
(1009, 418, 1, '2019-02-16', '02:06:34'),
(1010, 419, 1, '2019-02-16', '02:06:37'),
(1011, 420, 1, '2019-02-16', '02:06:40'),
(1012, 421, 1, '2019-02-16', '02:06:44'),
(1013, 422, 1, '2019-02-16', '02:06:47'),
(1014, 423, 1, '2019-02-16', '02:06:50'),
(1015, 424, 1, '2019-02-16', '02:06:53'),
(1016, 425, 1, '2019-02-16', '02:06:56'),
(1017, 427, 1, '2019-02-16', '02:07:12'),
(1018, 5, 1, '2019-02-12', '03:38:55'),
(1019, 7, 1, '2019-02-12', '03:39:09'),
(1020, 13, 1, '2019-02-12', '03:42:32'),
(1021, 14, 1, '2019-02-12', '03:43:35'),
(1022, 15, 1, '2019-02-12', '03:44:39'),
(1023, 16, 1, '2019-02-12', '03:45:42'),
(1024, 17, 1, '2019-02-12', '03:46:45'),
(1025, 18, 1, '2019-02-12', '03:47:48'),
(1026, 25, 1, '2019-02-14', '00:28:13'),
(1027, 28, 1, '2019-02-14', '00:29:31'),
(1028, 30, 1, '2019-02-14', '00:29:44'),
(1029, 43, 1, '2019-02-14', '00:40:37'),
(1030, 48, 1, '2019-02-14', '00:42:57'),
(1031, 52, 1, '2019-02-14', '02:18:20'),
(1032, 55, 1, '2019-02-14', '02:18:37'),
(1033, 58, 1, '2019-02-14', '02:18:55'),
(1034, 61, 1, '2019-02-14', '02:19:13'),
(1035, 64, 1, '2019-02-14', '02:19:31'),
(1036, 68, 1, '2019-02-14', '02:19:53'),
(1037, 70, 1, '2019-02-14', '02:19:59'),
(1038, 78, 1, '2019-02-14', '02:27:54'),
(1039, 79, 1, '2019-02-14', '02:28:05'),
(1040, 80, 1, '2019-02-14', '02:28:13'),
(1041, 81, 1, '2019-02-14', '02:28:17'),
(1042, 82, 1, '2019-02-14', '02:28:25'),
(1043, 83, 1, '2019-02-14', '02:28:29'),
(1044, 84, 1, '2019-02-14', '02:28:41'),
(1045, 88, 1, '2019-02-14', '02:28:57'),
(1046, 89, 1, '2019-02-14', '02:28:59'),
(1047, 92, 1, '2019-02-14', '02:31:05'),
(1048, 95, 1, '2019-02-14', '02:31:26'),
(1049, 99, 1, '2019-02-14', '02:31:38'),
(1050, 100, 1, '2019-02-14', '02:31:41'),
(1051, 105, 1, '2019-02-14', '02:34:43'),
(1052, 116, 1, '2019-02-16', '00:01:14'),
(1053, 123, 1, '2019-02-16', '00:02:15'),
(1054, 133, 1, '2019-02-16', '00:03:11'),
(1055, 134, 1, '2019-02-16', '00:03:21'),
(1056, 135, 1, '2019-02-16', '00:03:30'),
(1057, 141, 1, '2019-02-16', '00:03:58'),
(1058, 142, 1, '2019-02-16', '00:04:09'),
(1059, 143, 1, '2019-02-16', '00:04:17'),
(1060, 144, 1, '2019-02-16', '00:04:21'),
(1061, 145, 1, '2019-02-16', '00:04:29'),
(1062, 169, 1, '2019-02-16', '00:06:25'),
(1063, 170, 1, '2019-02-16', '00:06:28'),
(1064, 175, 1, '2019-02-16', '00:06:52'),
(1065, 176, 1, '2019-02-16', '00:07:02'),
(1066, 177, 1, '2019-02-16', '00:07:10'),
(1067, 185, 1, '2019-02-16', '00:11:20'),
(1068, 188, 1, '2019-02-16', '00:11:34'),
(1069, 190, 1, '2019-02-16', '00:11:50'),
(1070, 194, 1, '2019-02-16', '00:12:01'),
(1071, 195, 1, '2019-02-16', '00:12:04'),
(1072, 199, 1, '2019-02-16', '00:12:22'),
(1073, 291, 1, '2019-02-16', '00:38:37'),
(1074, 292, 1, '2019-02-16', '00:39:44'),
(1075, 297, 1, '2019-02-16', '00:40:04'),
(1076, 298, 1, '2019-02-16', '00:40:07'),
(1077, 306, 1, '2019-02-16', '00:45:48'),
(1078, 307, 1, '2019-02-16', '00:45:50'),
(1079, 326, 1, '2019-02-16', '01:36:20'),
(1080, 329, 1, '2019-02-16', '01:36:30'),
(1081, 337, 1, '2019-02-16', '01:37:33'),
(1082, 338, 1, '2019-02-16', '01:38:08'),
(1083, 339, 1, '2019-02-16', '01:38:11'),
(1084, 340, 1, '2019-02-16', '01:38:14'),
(1085, 341, 1, '2019-02-16', '01:38:17'),
(1086, 342, 1, '2019-02-16', '01:38:20'),
(1087, 343, 1, '2019-02-16', '01:38:24'),
(1088, 344, 1, '2019-02-16', '01:38:27'),
(1089, 346, 1, '2019-02-16', '01:48:49'),
(1090, 347, 1, '2019-02-16', '01:48:51'),
(1091, 348, 1, '2019-02-16', '01:48:54'),
(1092, 349, 1, '2019-02-16', '01:48:58'),
(1093, 350, 1, '2019-02-16', '01:49:01'),
(1094, 352, 1, '2019-02-16', '01:56:29'),
(1095, 356, 1, '2019-02-16', '01:56:57'),
(1096, 357, 1, '2019-02-16', '01:57:07'),
(1097, 358, 1, '2019-02-16', '01:57:15'),
(1098, 362, 1, '2019-02-16', '01:57:31'),
(1099, 363, 1, '2019-02-16', '01:57:34'),
(1100, 364, 1, '2019-02-16', '01:57:42'),
(1101, 365, 1, '2019-02-16', '01:57:45'),
(1102, 366, 1, '2019-02-16', '01:57:49'),
(1103, 367, 1, '2019-02-16', '01:57:57'),
(1104, 369, 1, '2019-02-16', '01:58:00'),
(1105, 370, 1, '2019-02-16', '01:58:03'),
(1106, 371, 1, '2019-02-16', '01:58:11'),
(1107, 373, 1, '2019-02-16', '01:58:15'),
(1108, 374, 1, '2019-02-16', '01:58:18'),
(1109, 375, 1, '2019-02-16', '01:58:27'),
(1110, 376, 1, '2019-02-16', '01:58:30'),
(1111, 378, 1, '2019-02-16', '01:58:33'),
(1112, 385, 1, '2019-02-16', '01:59:16'),
(1113, 386, 1, '2019-02-16', '01:59:18'),
(1114, 387, 1, '2019-02-16', '01:59:26'),
(1115, 388, 1, '2019-02-16', '01:59:30'),
(1116, 389, 1, '2019-02-16', '01:59:33'),
(1117, 390, 1, '2019-02-16', '01:59:41'),
(1118, 391, 1, '2019-02-16', '01:59:45'),
(1119, 392, 1, '2019-02-16', '01:59:48'),
(1120, 393, 1, '2019-02-16', '01:59:56'),
(1121, 394, 1, '2019-02-16', '01:59:59'),
(1122, 395, 1, '2019-02-16', '02:00:02'),
(1123, 397, 1, '2019-02-16', '02:00:11'),
(1124, 398, 1, '2019-02-16', '02:00:14'),
(1125, 400, 1, '2019-02-16', '02:00:18'),
(1126, 403, 1, '2019-02-16', '02:05:18'),
(1127, 404, 1, '2019-02-16', '02:05:28'),
(1128, 405, 1, '2019-02-16', '02:05:36'),
(1129, 416, 1, '2019-02-16', '02:06:29'),
(1130, 417, 1, '2019-02-16', '02:06:31'),
(1131, 418, 1, '2019-02-16', '02:06:34'),
(1132, 419, 1, '2019-02-16', '02:06:37'),
(1133, 420, 1, '2019-02-16', '02:06:40'),
(1134, 421, 1, '2019-02-16', '02:06:44'),
(1135, 422, 1, '2019-02-16', '02:06:47'),
(1136, 423, 1, '2019-02-16', '02:06:50'),
(1137, 424, 1, '2019-02-16', '02:06:53'),
(1138, 425, 1, '2019-02-16', '02:06:56'),
(1139, 427, 1, '2019-02-16', '02:07:12'),
(1140, 439, 1, '2019-02-16', '11:04:09'),
(1141, 440, 1, '2019-02-16', '11:04:24'),
(1142, 441, 1, '2019-02-16', '11:04:33'),
(1143, 447, 1, '2019-02-16', '11:05:08'),
(1144, 448, 1, '2019-02-16', '11:05:11'),
(1145, 449, 1, '2019-02-16', '11:05:15'),
(1146, 450, 1, '2019-02-16', '11:05:19'),
(1147, 451, 1, '2019-02-16', '11:05:22'),
(1148, 453, 1, '2019-02-16', '11:07:20'),
(1149, 456, 1, '2019-02-16', '11:07:43'),
(1150, 494, 1, '2019-02-16', '11:11:49'),
(1151, 5, 1, '2019-02-12', '03:38:55'),
(1152, 7, 1, '2019-02-12', '03:39:09'),
(1153, 13, 1, '2019-02-12', '03:42:32'),
(1154, 14, 1, '2019-02-12', '03:43:35'),
(1155, 15, 1, '2019-02-12', '03:44:39'),
(1156, 16, 1, '2019-02-12', '03:45:42'),
(1157, 17, 1, '2019-02-12', '03:46:45'),
(1158, 18, 1, '2019-02-12', '03:47:48'),
(1159, 25, 1, '2019-02-14', '00:28:13'),
(1160, 28, 1, '2019-02-14', '00:29:31'),
(1161, 30, 1, '2019-02-14', '00:29:44'),
(1162, 43, 1, '2019-02-14', '00:40:37'),
(1163, 48, 1, '2019-02-14', '00:42:57'),
(1164, 52, 1, '2019-02-14', '02:18:20'),
(1165, 55, 1, '2019-02-14', '02:18:37'),
(1166, 58, 1, '2019-02-14', '02:18:55'),
(1167, 61, 1, '2019-02-14', '02:19:13'),
(1168, 64, 1, '2019-02-14', '02:19:31'),
(1169, 68, 1, '2019-02-14', '02:19:53'),
(1170, 70, 1, '2019-02-14', '02:19:59'),
(1171, 78, 1, '2019-02-14', '02:27:54'),
(1172, 79, 1, '2019-02-14', '02:28:05'),
(1173, 80, 1, '2019-02-14', '02:28:13'),
(1174, 81, 1, '2019-02-14', '02:28:17'),
(1175, 82, 1, '2019-02-14', '02:28:25'),
(1176, 83, 1, '2019-02-14', '02:28:29'),
(1177, 84, 1, '2019-02-14', '02:28:41'),
(1178, 88, 1, '2019-02-14', '02:28:57'),
(1179, 89, 1, '2019-02-14', '02:28:59'),
(1180, 92, 1, '2019-02-14', '02:31:05'),
(1181, 95, 1, '2019-02-14', '02:31:26'),
(1182, 99, 1, '2019-02-14', '02:31:38'),
(1183, 100, 1, '2019-02-14', '02:31:41'),
(1184, 105, 1, '2019-02-14', '02:34:43'),
(1185, 116, 1, '2019-02-16', '00:01:14'),
(1186, 123, 1, '2019-02-16', '00:02:15'),
(1187, 133, 1, '2019-02-16', '00:03:11'),
(1188, 134, 1, '2019-02-16', '00:03:21'),
(1189, 135, 1, '2019-02-16', '00:03:30'),
(1190, 141, 1, '2019-02-16', '00:03:58'),
(1191, 142, 1, '2019-02-16', '00:04:09'),
(1192, 143, 1, '2019-02-16', '00:04:17'),
(1193, 144, 1, '2019-02-16', '00:04:21'),
(1194, 145, 1, '2019-02-16', '00:04:29'),
(1195, 169, 1, '2019-02-16', '00:06:25'),
(1196, 170, 1, '2019-02-16', '00:06:28'),
(1197, 175, 1, '2019-02-16', '00:06:52'),
(1198, 176, 1, '2019-02-16', '00:07:02'),
(1199, 177, 1, '2019-02-16', '00:07:10'),
(1200, 185, 1, '2019-02-16', '00:11:20'),
(1201, 188, 1, '2019-02-16', '00:11:34'),
(1202, 190, 1, '2019-02-16', '00:11:50'),
(1203, 194, 1, '2019-02-16', '00:12:01'),
(1204, 195, 1, '2019-02-16', '00:12:04'),
(1205, 199, 1, '2019-02-16', '00:12:22'),
(1206, 291, 1, '2019-02-16', '00:38:37'),
(1207, 292, 1, '2019-02-16', '00:39:44'),
(1208, 297, 1, '2019-02-16', '00:40:04'),
(1209, 298, 1, '2019-02-16', '00:40:07'),
(1210, 306, 1, '2019-02-16', '00:45:48'),
(1211, 307, 1, '2019-02-16', '00:45:50'),
(1212, 326, 1, '2019-02-16', '01:36:20'),
(1213, 329, 1, '2019-02-16', '01:36:30'),
(1214, 337, 1, '2019-02-16', '01:37:33'),
(1215, 338, 1, '2019-02-16', '01:38:08'),
(1216, 339, 1, '2019-02-16', '01:38:11'),
(1217, 340, 1, '2019-02-16', '01:38:14'),
(1218, 341, 1, '2019-02-16', '01:38:17'),
(1219, 342, 1, '2019-02-16', '01:38:20'),
(1220, 343, 1, '2019-02-16', '01:38:24'),
(1221, 344, 1, '2019-02-16', '01:38:27'),
(1222, 346, 1, '2019-02-16', '01:48:49'),
(1223, 347, 1, '2019-02-16', '01:48:51'),
(1224, 348, 1, '2019-02-16', '01:48:54'),
(1225, 349, 1, '2019-02-16', '01:48:58'),
(1226, 350, 1, '2019-02-16', '01:49:01'),
(1227, 352, 1, '2019-02-16', '01:56:29'),
(1228, 356, 1, '2019-02-16', '01:56:57'),
(1229, 357, 1, '2019-02-16', '01:57:07'),
(1230, 358, 1, '2019-02-16', '01:57:15'),
(1231, 362, 1, '2019-02-16', '01:57:31'),
(1232, 363, 1, '2019-02-16', '01:57:34'),
(1233, 364, 1, '2019-02-16', '01:57:42'),
(1234, 365, 1, '2019-02-16', '01:57:45'),
(1235, 366, 1, '2019-02-16', '01:57:49'),
(1236, 367, 1, '2019-02-16', '01:57:57'),
(1237, 369, 1, '2019-02-16', '01:58:00'),
(1238, 370, 1, '2019-02-16', '01:58:03'),
(1239, 371, 1, '2019-02-16', '01:58:11'),
(1240, 373, 1, '2019-02-16', '01:58:15'),
(1241, 374, 1, '2019-02-16', '01:58:18'),
(1242, 375, 1, '2019-02-16', '01:58:27'),
(1243, 376, 1, '2019-02-16', '01:58:30'),
(1244, 378, 1, '2019-02-16', '01:58:33'),
(1245, 385, 1, '2019-02-16', '01:59:16'),
(1246, 386, 1, '2019-02-16', '01:59:18'),
(1247, 387, 1, '2019-02-16', '01:59:26'),
(1248, 388, 1, '2019-02-16', '01:59:30'),
(1249, 389, 1, '2019-02-16', '01:59:33'),
(1250, 390, 1, '2019-02-16', '01:59:41'),
(1251, 391, 1, '2019-02-16', '01:59:45'),
(1252, 392, 1, '2019-02-16', '01:59:48'),
(1253, 393, 1, '2019-02-16', '01:59:56'),
(1254, 394, 1, '2019-02-16', '01:59:59'),
(1255, 395, 1, '2019-02-16', '02:00:02'),
(1256, 397, 1, '2019-02-16', '02:00:11'),
(1257, 398, 1, '2019-02-16', '02:00:14'),
(1258, 400, 1, '2019-02-16', '02:00:18'),
(1259, 403, 1, '2019-02-16', '02:05:18'),
(1260, 404, 1, '2019-02-16', '02:05:28'),
(1261, 405, 1, '2019-02-16', '02:05:36'),
(1262, 416, 1, '2019-02-16', '02:06:29'),
(1263, 417, 1, '2019-02-16', '02:06:31'),
(1264, 418, 1, '2019-02-16', '02:06:34'),
(1265, 419, 1, '2019-02-16', '02:06:37'),
(1266, 420, 1, '2019-02-16', '02:06:40'),
(1267, 421, 1, '2019-02-16', '02:06:44'),
(1268, 422, 1, '2019-02-16', '02:06:47'),
(1269, 423, 1, '2019-02-16', '02:06:50'),
(1270, 424, 1, '2019-02-16', '02:06:53'),
(1271, 425, 1, '2019-02-16', '02:06:56'),
(1272, 427, 1, '2019-02-16', '02:07:12'),
(1273, 439, 1, '2019-02-16', '11:04:09'),
(1274, 440, 1, '2019-02-16', '11:04:24'),
(1275, 441, 1, '2019-02-16', '11:04:33'),
(1276, 447, 1, '2019-02-16', '11:05:08'),
(1277, 448, 1, '2019-02-16', '11:05:11'),
(1278, 449, 1, '2019-02-16', '11:05:15'),
(1279, 450, 1, '2019-02-16', '11:05:19'),
(1280, 451, 1, '2019-02-16', '11:05:22'),
(1281, 453, 1, '2019-02-16', '11:07:20'),
(1282, 456, 1, '2019-02-16', '11:07:43'),
(1283, 494, 1, '2019-02-16', '11:11:49');

-- --------------------------------------------------------

--
-- Table structure for table `save`
--

CREATE TABLE `save` (
  `id` int(11) NOT NULL,
  `total` int(11) NOT NULL,
  `detail` int(11) NOT NULL
) ENGINE=InnoDB DEFAULT CHARSET=utf8;

-- --------------------------------------------------------

--
-- Table structure for table `statuses`
--

CREATE TABLE `statuses` (
  `id` int(10) UNSIGNED NOT NULL,
  `numstatus` int(1) NOT NULL DEFAULT '0',
  `waterLevel` double(5,2) NOT NULL,
  `detail` varchar(5) COLLATE utf8mb4_unicode_ci NOT NULL,
  `date` date NOT NULL,
  `time` time NOT NULL,
  `idUser` int(10) DEFAULT NULL
) ENGINE=InnoDB DEFAULT CHARSET=utf8mb4 COLLATE=utf8mb4_unicode_ci;

--
-- Dumping data for table `statuses`
--

INSERT INTO `statuses` (`id`, `numstatus`, `waterLevel`, `detail`, `date`, `time`, `idUser`) VALUES
(1, 0, 110.00, 'ปิด', '2019-02-12', '03:35:41', 65),
(2, 0, 134.00, 'ปิด', '2019-02-12', '03:35:46', 65),
(3, 0, 134.00, 'ปิด', '2019-02-12', '03:36:50', 65),
(4, 0, 54.00, 'ปิด', '2019-02-12', '03:37:53', 65),
(5, 1, 177.00, 'เปิด', '2019-02-12', '03:38:55', 65),
(6, 0, 177.00, 'ปิด', '2019-02-12', '03:39:04', 65),
(7, 1, 177.00, 'เปิด', '2019-02-12', '03:39:09', 65),
(8, 0, 177.00, 'ปิด', '2019-02-12', '03:39:18', 65),
(9, 0, 0.00, 'ปิด', '2019-02-12', '03:39:24', 65),
(10, 0, 141.00, 'ปิด', '2019-02-12', '03:40:27', 65),
(13, 1, 131.00, 'เปิด', '2019-02-12', '03:42:32', 65),
(14, 1, 52.00, 'เปิด', '2019-02-12', '03:43:35', 65),
(15, 1, 54.00, 'เปิด', '2019-02-12', '03:44:39', 65),
(16, 1, 140.00, 'เปิด', '2019-02-12', '03:45:42', 65),
(17, 1, 139.00, 'เปิด', '2019-02-12', '03:46:45', 65),
(18, 1, 139.00, 'เปิด', '2019-02-12', '03:47:48', 65),
(20, 0, 53.00, 'ปิด', '2019-02-12', '03:48:53', 65),
(23, 0, 53.00, 'ปิด', '2019-02-12', '04:01:41', 63),
(24, 0, 158.00, 'ปิด', '2019-02-14', '00:27:11', 65),
(25, 1, 193.00, 'เปิด', '2019-02-14', '00:28:13', 65),
(26, 0, 193.00, 'ปิด', '2019-02-14', '00:28:22', 65),
(27, 0, 169.00, 'ปิด', '2019-02-14', '00:28:29', 65),
(28, 1, 187.00, 'เปิด', '2019-02-14', '00:29:31', 65),
(29, 0, 187.00, 'ปิด', '2019-02-14', '00:29:39', 65),
(30, 1, 187.00, 'เปิด', '2019-02-14', '00:29:44', 65),
(31, 0, 187.00, 'ปิด', '2019-02-14', '00:29:53', 65),
(32, 0, 158.00, 'ปิด', '2019-02-14', '00:30:00', 65),
(33, 0, 158.00, 'ปิด', '2019-02-14', '00:31:03', 65),
(34, 0, 133.00, 'ปิด', '2019-02-14', '00:32:07', 65),
(35, 0, 158.00, 'ปิด', '2019-02-14', '00:33:11', 65),
(36, 0, 158.00, 'ปิด', '2019-02-14', '00:34:15', 65),
(37, 0, 158.00, 'ปิด', '2019-02-14', '00:35:18', 65),
(38, 0, 159.00, 'ปิด', '2019-02-14', '00:36:22', 65),
(39, 0, 159.00, 'ปิด', '2019-02-14', '00:37:25', 65),
(40, 0, 159.00, 'ปิด', '2019-02-14', '00:38:30', 65),
(41, 0, 159.00, 'ปิด', '2019-02-14', '00:39:34', 65),
(42, 0, 159.00, 'ปิด', '2019-02-14', '00:39:59', 65),
(43, 1, 186.00, 'เปิด', '2019-02-14', '00:40:37', 65),
(44, 0, 186.00, 'ปิด', '2019-02-14', '00:40:45', 65),
(45, 0, 159.00, 'ปิด', '2019-02-14', '00:41:45', 65),
(46, 0, 159.00, 'ปิด', '2019-02-14', '00:41:46', 65),
(47, 0, 159.00, 'ปิด', '2019-02-14', '00:42:26', 65),
(48, 1, 186.00, 'เปิด', '2019-02-14', '00:42:57', 63),
(49, 0, 186.00, 'ปิด', '2019-02-14', '00:47:44', 63),
(50, 0, 186.00, 'ปิด', '2019-02-14', '00:48:45', 63),
(51, 0, 159.00, 'ปิด', '2019-02-14', '00:51:09', 65),
(52, 1, 170.00, 'เปิด', '2019-02-14', '02:18:20', 65),
(53, 0, 170.00, 'ปิด', '2019-02-14', '02:18:28', 65),
(54, 0, 170.00, 'ปิด', '2019-02-14', '02:18:34', 65),
(55, 1, 170.00, 'เปิด', '2019-02-14', '02:18:37', 65),
(56, 0, 170.00, 'ปิด', '2019-02-14', '02:18:45', 65),
(57, 0, 170.00, 'ปิด', '2019-02-14', '02:18:51', 65),
(58, 1, 170.00, 'เปิด', '2019-02-14', '02:18:55', 65),
(59, 0, 170.00, 'ปิด', '2019-02-14', '02:19:03', 65),
(60, 0, 170.00, 'ปิด', '2019-02-14', '02:19:09', 65),
(61, 1, 170.00, 'เปิด', '2019-02-14', '02:19:13', 65),
(62, 0, 170.00, 'ปิด', '2019-02-14', '02:19:21', 65),
(63, 0, 170.00, 'ปิด', '2019-02-14', '02:19:27', 65),
(64, 1, 170.00, 'เปิด', '2019-02-14', '02:19:31', 65),
(65, 0, 170.00, 'ปิด', '2019-02-14', '02:19:39', 65),
(66, 0, 170.00, 'ปิด', '2019-02-14', '02:19:45', 65),
(67, 0, 169.00, 'ปิด', '2019-02-14', '02:19:50', 65),
(68, 1, 169.00, 'เปิด', '2019-02-14', '02:19:53', 63),
(69, 0, 169.00, 'ปิด', '2019-02-14', '02:19:55', 65),
(70, 1, 170.00, 'เปิด', '2019-02-14', '02:19:59', 65),
(71, 0, 170.00, 'ปิด', '2019-02-14', '02:20:06', 63),
(72, 0, 170.00, 'ปิด', '2019-02-14', '02:20:07', 65),
(73, 0, 170.00, 'ปิด', '2019-02-14', '02:20:13', 65),
(74, 0, 170.00, 'ปิด', '2019-02-14', '02:20:16', 63),
(75, 0, 170.00, 'ปิด', '2019-02-14', '02:20:18', 65),
(76, 0, 158.00, 'ปิด', '2019-02-14', '02:27:46', 65),
(77, 0, 157.00, 'ปิด', '2019-02-14', '02:27:51', 65),
(78, 1, 176.00, 'เปิด', '2019-02-14', '02:27:54', 65),
(79, 1, 176.00, 'เปิด', '2019-02-14', '02:28:05', 65),
(80, 1, 176.00, 'เปิด', '2019-02-14', '02:28:13', 65),
(81, 1, 177.00, 'เปิด', '2019-02-14', '02:28:17', 65),
(82, 1, 177.00, 'เปิด', '2019-02-14', '02:28:25', 65),
(83, 1, 176.00, 'เปิด', '2019-02-14', '02:28:29', 65),
(84, 1, 176.00, 'เปิด', '2019-02-14', '02:28:41', 65),
(85, 0, 158.00, 'ปิด', '2019-02-14', '02:28:46', 65),
(86, 0, 158.00, 'ปิด', '2019-02-14', '02:28:51', 65),
(87, 0, 157.00, 'ปิด', '2019-02-14', '02:28:56', 65),
(88, 1, 157.00, 'เปิด', '2019-02-14', '02:28:57', 63),
(89, 1, 157.00, 'เปิด', '2019-02-14', '02:28:59', 65),
(90, 0, 157.00, 'ปิด', '2019-02-14', '02:29:58', 63),
(91, 0, 157.00, 'ปิด', '2019-02-14', '02:30:04', 65),
(92, 1, 177.00, 'เปิด', '2019-02-14', '02:31:05', 65),
(93, 0, 157.00, 'ปิด', '2019-02-14', '02:31:17', 65),
(94, 0, 158.00, 'ปิด', '2019-02-14', '02:31:22', 65),
(95, 1, 158.00, 'เปิด', '2019-02-14', '02:31:26', 63),
(96, 0, 158.00, 'ปิด', '2019-02-14', '02:31:27', 65),
(97, 0, 158.00, 'ปิด', '2019-02-14', '02:31:32', 65),
(98, 0, 158.00, 'ปิด', '2019-02-14', '02:31:37', 65),
(99, 1, 158.00, 'เปิด', '2019-02-14', '02:31:38', 63),
(100, 1, 158.00, 'เปิด', '2019-02-14', '02:31:41', 65),
(101, 0, 158.00, 'ปิด', '2019-02-14', '02:31:51', 63),
(102, 0, 157.00, 'ปิด', '2019-02-14', '02:32:45', 65),
(103, 0, 158.00, 'ปิด', '2019-02-14', '02:33:48', 65),
(104, 0, 158.00, 'ปิด', '2019-02-14', '02:33:53', 65),
(105, 1, 181.00, 'เปิด', '2019-02-14', '02:34:43', 65),
(106, 0, 158.00, 'ปิด', '2019-02-14', '02:34:55', 65),
(107, 0, 157.00, 'ปิด', '2019-02-14', '02:34:59', 65),
(108, 0, 157.00, 'ปิด', '2019-02-14', '02:35:29', 63),
(109, 0, 157.00, 'ปิด', '2019-02-14', '02:54:02', 63),
(110, 0, 157.00, 'ปิด', '2019-02-14', '02:54:55', 63),
(111, 0, 157.00, 'ปิด', '2019-02-14', '02:55:15', 63),
(112, 0, 157.00, 'ปิด', '2019-02-14', '02:59:39', 63),
(113, 0, 157.00, 'ปิด', '2019-02-14', '03:00:07', 63),
(114, 0, 157.00, 'ปิด', '2019-02-14', '03:04:44', 63),
(115, 0, 157.00, 'ปิด', '2019-02-15', '02:06:59', 63),
(116, 1, 157.00, 'เปิด', '2019-02-16', '00:01:14', 66),
(117, 0, 157.00, 'ปิด', '2019-02-16', '00:01:27', 66),
(118, 0, 136.00, 'ปิด', '2019-02-16', '00:01:50', 65),
(119, 0, 135.00, 'ปิด', '2019-02-16', '00:01:53', 65),
(120, 0, 55.00, 'ปิด', '2019-02-16', '00:02:01', 65),
(121, 0, 134.00, 'ปิด', '2019-02-16', '00:02:06', 65),
(122, 0, 136.00, 'ปิด', '2019-02-16', '00:02:11', 65),
(123, 1, 177.00, 'เปิด', '2019-02-16', '00:02:15', 65),
(124, 0, 54.00, 'ปิด', '2019-02-16', '00:02:27', 65),
(125, 0, 55.00, 'ปิด', '2019-02-16', '00:02:32', 65),
(126, 0, 55.00, 'ปิด', '2019-02-16', '00:02:37', 65),
(127, 0, 134.00, 'ปิด', '2019-02-16', '00:02:42', 65),
(128, 0, 133.00, 'ปิด', '2019-02-16', '00:02:47', 65),
(129, 0, 134.00, 'ปิด', '2019-02-16', '00:02:52', 65),
(130, 0, 134.00, 'ปิด', '2019-02-16', '00:02:57', 65),
(131, 0, 135.00, 'ปิด', '2019-02-16', '00:03:02', 65),
(132, 0, 159.00, 'ปิด', '2019-02-16', '00:03:07', 65),
(133, 1, 182.00, 'เปิด', '2019-02-16', '00:03:11', 65),
(134, 1, 185.00, 'เปิด', '2019-02-16', '00:03:21', 65),
(135, 1, 185.00, 'เปิด', '2019-02-16', '00:03:30', 65),
(136, 0, 0.00, 'ปิด', '2019-02-16', '00:03:35', 65),
(137, 0, 55.00, 'ปิด', '2019-02-16', '00:03:40', 65),
(138, 0, 134.00, 'ปิด', '2019-02-16', '00:03:45', 65),
(139, 0, 134.00, 'ปิด', '2019-02-16', '00:03:50', 65),
(140, 0, 127.00, 'ปิด', '2019-02-16', '00:03:55', 65),
(141, 1, 187.00, 'เปิด', '2019-02-16', '00:03:58', 65),
(142, 1, 191.00, 'เปิด', '2019-02-16', '00:04:09', 65),
(143, 1, 191.00, 'เปิด', '2019-02-16', '00:04:17', 65),
(144, 1, 187.00, 'เปิด', '2019-02-16', '00:04:21', 65),
(145, 1, 187.00, 'เปิด', '2019-02-16', '00:04:29', 65),
(146, 0, 32.00, 'ปิด', '2019-02-16', '00:04:34', 65),
(147, 0, 16.00, 'ปิด', '2019-02-16', '00:04:39', 65),
(148, 0, 16.00, 'ปิด', '2019-02-16', '00:04:44', 65),
(149, 0, 28.00, 'ปิด', '2019-02-16', '00:04:49', 65),
(150, 0, 14.00, 'ปิด', '2019-02-16', '00:04:54', 65),
(151, 0, 28.00, 'ปิด', '2019-02-16', '00:04:59', 65),
(152, 0, 27.00, 'ปิด', '2019-02-16', '00:05:04', 65),
(153, 0, 11.00, 'ปิด', '2019-02-16', '00:05:09', 65),
(154, 0, 9.00, 'ปิด', '2019-02-16', '00:05:14', 65),
(155, 0, 10.00, 'ปิด', '2019-02-16', '00:05:19', 65),
(156, 0, 11.00, 'ปิด', '2019-02-16', '00:05:24', 65),
(157, 0, 10.00, 'ปิด', '2019-02-16', '00:05:29', 65),
(158, 0, 85.00, 'ปิด', '2019-02-16', '00:05:34', 65),
(159, 0, 13.00, 'ปิด', '2019-02-16', '00:05:39', 65),
(160, 0, 8.00, 'ปิด', '2019-02-16', '00:05:44', 65),
(161, 0, 2.00, 'ปิด', '2019-02-16', '00:05:49', 65),
(162, 0, 1.00, 'ปิด', '2019-02-16', '00:05:54', 65),
(163, 0, 3.00, 'ปิด', '2019-02-16', '00:06:00', 65),
(164, 0, 1.00, 'ปิด', '2019-02-16', '00:06:05', 65),
(165, 0, 0.00, 'ปิด', '2019-02-16', '00:06:10', 65),
(166, 0, 1.00, 'ปิด', '2019-02-16', '00:06:15', 65),
(167, 0, 1.00, 'ปิด', '2019-02-16', '00:06:20', 65),
(168, 0, 1.00, 'ปิด', '2019-02-16', '00:06:25', 65),
(169, 1, 1.00, 'เปิด', '2019-02-16', '00:06:25', 66),
(170, 1, 1.00, 'เปิด', '2019-02-16', '00:06:28', 65),
(171, 0, 1.00, 'ปิด', '2019-02-16', '00:06:33', 65),
(172, 0, 0.00, 'ปิด', '2019-02-16', '00:06:38', 65),
(173, 0, 163.00, 'ปิด', '2019-02-16', '00:06:43', 65),
(174, 0, 164.00, 'ปิด', '2019-02-16', '00:06:48', 65),
(175, 1, 168.00, 'เปิด', '2019-02-16', '00:06:52', 65),
(176, 1, 165.00, 'เปิด', '2019-02-16', '00:07:02', 65),
(177, 1, 165.00, 'เปิด', '2019-02-16', '00:07:10', 65),
(178, 0, 165.00, 'ปิด', '2019-02-16', '00:07:15', 65),
(179, 0, 164.00, 'ปิด', '2019-02-16', '00:07:20', 65),
(180, 0, 163.00, 'ปิด', '2019-02-16', '00:07:25', 65),
(181, 0, 163.00, 'ปิด', '2019-02-16', '00:07:30', 65),
(182, 0, 164.00, 'ปิด', '2019-02-16', '00:07:35', 65),
(183, 0, 164.00, 'ปิด', '2019-02-16', '00:07:40', 65),
(184, 0, 164.00, 'ปิด', '2019-02-16', '00:07:45', 65),
(185, 1, 171.00, 'เปิด', '2019-02-16', '00:11:20', 65),
(186, 0, 171.00, 'ปิด', '2019-02-16', '00:11:29', 66),
(187, 0, 165.00, 'ปิด', '2019-02-16', '00:11:32', 65),
(188, 1, 165.00, 'เปิด', '2019-02-16', '00:11:34', 65),
(189, 0, 165.00, 'ปิด', '2019-02-16', '00:11:45', 65),
(190, 1, 78.00, 'เปิด', '2019-02-16', '00:11:50', 66),
(191, 0, 78.00, 'ปิด', '2019-02-16', '00:11:50', 65),
(192, 0, 4.00, 'ปิด', '2019-02-16', '00:11:55', 65),
(193, 0, 4.00, 'ปิด', '2019-02-16', '00:12:00', 65),
(194, 1, 4.00, 'เปิด', '2019-02-16', '00:12:01', 66),
(195, 1, 5.00, 'เปิด', '2019-02-16', '00:12:04', 65),
(196, 0, 6.00, 'ปิด', '2019-02-16', '00:12:08', 65),
(197, 0, 5.00, 'ปิด', '2019-02-16', '00:12:13', 65),
(198, 0, 4.00, 'ปิด', '2019-02-16', '00:12:18', 65),
(199, 1, 165.00, 'เปิด', '2019-02-16', '00:12:22', 65),
(200, 0, 165.00, 'ปิด', '2019-02-16', '00:21:56', 65),
(201, 0, 164.00, 'ปิด', '2019-02-16', '00:22:01', 65),
(202, 0, 165.00, 'ปิด', '2019-02-16', '00:22:06', 65),
(203, 0, 164.00, 'ปิด', '2019-02-16', '00:22:11', 65),
(204, 0, 165.00, 'ปิด', '2019-02-16', '00:22:16', 65),
(205, 0, 164.00, 'ปิด', '2019-02-16', '00:22:22', 65),
(206, 0, 164.00, 'ปิด', '2019-02-16', '00:22:27', 65),
(207, 0, 164.00, 'ปิด', '2019-02-16', '00:22:32', 65),
(208, 0, 164.00, 'ปิด', '2019-02-16', '00:22:37', 65),
(209, 0, 164.00, 'ปิด', '2019-02-16', '00:22:42', 65),
(210, 0, 164.00, 'ปิด', '2019-02-16', '00:22:47', 65),
(211, 0, 164.00, 'ปิด', '2019-02-16', '00:22:52', 65),
(212, 0, 164.00, 'ปิด', '2019-02-16', '00:22:57', 65),
(213, 0, 164.00, 'ปิด', '2019-02-16', '00:23:02', 65),
(214, 0, 165.00, 'ปิด', '2019-02-16', '00:23:11', 65),
(215, 0, 164.00, 'ปิด', '2019-02-16', '00:23:16', 65),
(216, 0, 164.00, 'ปิด', '2019-02-16', '00:23:22', 65),
(217, 0, 165.00, 'ปิด', '2019-02-16', '00:23:27', 65),
(218, 0, 165.00, 'ปิด', '2019-02-16', '00:23:32', 65),
(219, 0, 165.00, 'ปิด', '2019-02-16', '00:23:37', 65),
(220, 0, 165.00, 'ปิด', '2019-02-16', '00:23:42', 65),
(221, 0, 165.00, 'ปิด', '2019-02-16', '00:23:47', 65),
(222, 0, 165.00, 'ปิด', '2019-02-16', '00:23:52', 65),
(223, 0, 165.00, 'ปิด', '2019-02-16', '00:23:57', 65),
(224, 0, 165.00, 'ปิด', '2019-02-16', '00:24:02', 65),
(225, 0, 165.00, 'ปิด', '2019-02-16', '00:24:07', 65),
(226, 0, 165.00, 'ปิด', '2019-02-16', '00:24:12', 65),
(227, 0, 165.00, 'ปิด', '2019-02-16', '00:24:17', 65),
(228, 0, 165.00, 'ปิด', '2019-02-16', '00:24:22', 65),
(229, 0, 164.00, 'ปิด', '2019-02-16', '00:24:27', 65),
(230, 0, 165.00, 'ปิด', '2019-02-16', '00:24:32', 65),
(231, 0, 165.00, 'ปิด', '2019-02-16', '00:24:37', 65),
(232, 0, 165.00, 'ปิด', '2019-02-16', '00:24:42', 65),
(233, 0, 164.00, 'ปิด', '2019-02-16', '00:24:47', 65),
(234, 0, 165.00, 'ปิด', '2019-02-16', '00:24:53', 65),
(235, 0, 165.00, 'ปิด', '2019-02-16', '00:24:58', 65),
(236, 0, 165.00, 'ปิด', '2019-02-16', '00:25:03', 65),
(237, 0, 164.00, 'ปิด', '2019-02-16', '00:25:08', 65),
(238, 0, 164.00, 'ปิด', '2019-02-16', '00:25:13', 65),
(239, 0, 164.00, 'ปิด', '2019-02-16', '00:25:18', 65),
(240, 0, 165.00, 'ปิด', '2019-02-16', '00:25:23', 65),
(241, 0, 11.00, 'ปิด', '2019-02-16', '00:25:29', 65),
(242, 0, 0.00, 'ปิด', '2019-02-16', '00:25:34', 65),
(243, 0, 0.00, 'ปิด', '2019-02-16', '00:25:39', 65),
(244, 0, 0.00, 'ปิด', '2019-02-16', '00:25:44', 65),
(245, 0, 0.00, 'ปิด', '2019-02-16', '00:25:56', 65),
(246, 0, 164.00, 'ปิด', '2019-02-16', '00:26:01', 65),
(247, 0, 164.00, 'ปิด', '2019-02-16', '00:26:06', 65),
(248, 0, 144.00, 'ปิด', '2019-02-16', '00:26:13', 65),
(249, 0, 165.00, 'ปิด', '2019-02-16', '00:26:18', 65),
(250, 0, 165.00, 'ปิด', '2019-02-16', '00:26:23', 65),
(251, 0, 141.00, 'ปิด', '2019-02-16', '00:26:28', 65),
(252, 0, 142.00, 'ปิด', '2019-02-16', '00:26:33', 65),
(253, 0, 141.00, 'ปิด', '2019-02-16', '00:26:38', 65),
(254, 0, 162.00, 'ปิด', '2019-02-16', '00:26:44', 65),
(255, 0, 165.00, 'ปิด', '2019-02-16', '00:26:49', 65),
(256, 0, 141.00, 'ปิด', '2019-02-16', '00:26:54', 65),
(257, 0, 141.00, 'ปิด', '2019-02-16', '00:26:59', 65),
(258, 0, 142.00, 'ปิด', '2019-02-16', '00:27:04', 65),
(259, 0, 142.00, 'ปิด', '2019-02-16', '00:27:09', 65),
(260, 0, 142.00, 'ปิด', '2019-02-16', '00:27:14', 65),
(261, 0, 141.00, 'ปิด', '2019-02-16', '00:27:19', 65),
(262, 0, 141.00, 'ปิด', '2019-02-16', '00:27:24', 65),
(263, 0, 142.00, 'ปิด', '2019-02-16', '00:27:29', 65),
(264, 0, 163.00, 'ปิด', '2019-02-16', '00:27:34', 65),
(265, 0, 142.00, 'ปิด', '2019-02-16', '00:27:39', 65),
(266, 0, 163.00, 'ปิด', '2019-02-16', '00:27:44', 65),
(267, 0, 163.00, 'ปิด', '2019-02-16', '00:27:49', 65),
(268, 0, 148.00, 'ปิด', '2019-02-16', '00:27:54', 65),
(269, 0, 154.00, 'ปิด', '2019-02-16', '00:27:59', 65),
(270, 0, 153.00, 'ปิด', '2019-02-16', '00:28:04', 65),
(271, 0, 0.00, 'ปิด', '2019-02-16', '00:28:09', 65),
(272, 0, 154.00, 'ปิด', '2019-02-16', '00:28:14', 65),
(273, 0, 154.00, 'ปิด', '2019-02-16', '00:28:20', 65),
(274, 0, 154.00, 'ปิด', '2019-02-16', '00:28:25', 65),
(275, 0, 143.00, 'ปิด', '2019-02-16', '00:28:30', 65),
(276, 0, 140.00, 'ปิด', '2019-02-16', '00:28:35', 65),
(277, 0, 151.00, 'ปิด', '2019-02-16', '00:28:40', 65),
(278, 0, 141.00, 'ปิด', '2019-02-16', '00:28:45', 65),
(279, 0, 142.00, 'ปิด', '2019-02-16', '00:28:50', 65),
(280, 0, 141.00, 'ปิด', '2019-02-16', '00:28:55', 65),
(281, 0, 141.00, 'ปิด', '2019-02-16', '00:29:00', 65),
(282, 0, 142.00, 'ปิด', '2019-02-16', '00:29:05', 65),
(283, 0, 146.00, 'ปิด', '2019-02-16', '00:29:10', 65),
(284, 0, 0.00, 'ปิด', '2019-02-16', '00:29:15', 65),
(285, 0, 143.00, 'ปิด', '2019-02-16', '00:29:20', 65),
(286, 0, 0.00, 'ปิด', '2019-02-16', '00:29:25', 65),
(287, 0, 0.00, 'ปิด', '2019-02-16', '00:36:29', 65),
(288, 0, 0.00, 'ปิด', '2019-02-16', '00:36:38', 65),
(289, 0, 0.00, 'ปิด', '2019-02-16', '00:37:17', 65),
(290, 0, 0.00, 'ปิด', '2019-02-16', '00:37:25', 65),
(291, 1, 0.00, 'เปิด', '2019-02-16', '00:38:37', 66),
(292, 1, 164.00, 'เปิด', '2019-02-16', '00:39:44', 65),
(293, 0, 141.00, 'ปิด', '2019-02-16', '00:39:48', 65),
(294, 0, 142.00, 'ปิด', '2019-02-16', '00:39:53', 65),
(295, 0, 142.00, 'ปิด', '2019-02-16', '00:39:58', 65),
(296, 0, 142.00, 'ปิด', '2019-02-16', '00:40:03', 65),
(297, 1, 142.00, 'เปิด', '2019-02-16', '00:40:04', 66),
(298, 1, 142.00, 'เปิด', '2019-02-16', '00:40:07', 65),
(299, 0, 147.00, 'ปิด', '2019-02-16', '00:40:11', 65),
(300, 0, 142.00, 'ปิด', '2019-02-16', '00:40:17', 65),
(301, 0, 143.00, 'ปิด', '2019-02-16', '00:40:21', 65),
(302, 0, 143.00, 'ปิด', '2019-02-16', '00:40:27', 65),
(303, 0, 142.00, 'ปิด', '2019-02-16', '00:40:32', 65),
(304, 0, 142.00, 'ปิด', '2019-02-16', '00:40:37', 65),
(305, 0, 142.00, 'ปิด', '2019-02-16', '00:40:42', 65),
(306, 1, 142.00, 'เปิด', '2019-02-16', '00:45:48', 66),
(307, 1, 138.00, 'เปิด', '2019-02-16', '00:45:50', 65),
(308, 0, 59.00, 'ปิด', '2019-02-16', '00:45:54', 65),
(309, 0, 142.00, 'ปิด', '2019-02-16', '00:46:01', 65),
(310, 0, 57.00, 'ปิด', '2019-02-16', '00:46:06', 65),
(311, 0, 58.00, 'ปิด', '2019-02-16', '00:46:13', 65),
(312, 0, 57.00, 'ปิด', '2019-02-16', '00:46:18', 65),
(313, 0, 143.00, 'ปิด', '2019-02-16', '00:46:24', 65),
(314, 0, 165.00, 'ปิด', '2019-02-16', '00:46:29', 65),
(315, 0, 55.00, 'ปิด', '2019-02-16', '00:46:35', 65),
(316, 0, 165.00, 'ปิด', '2019-02-16', '01:35:30', 65),
(317, 0, 165.00, 'ปิด', '2019-02-16', '01:35:35', 65),
(318, 0, 165.00, 'ปิด', '2019-02-16', '01:35:40', 65),
(319, 0, 165.00, 'ปิด', '2019-02-16', '01:35:45', 65),
(320, 0, 165.00, 'ปิด', '2019-02-16', '01:35:50', 65),
(321, 0, 165.00, 'ปิด', '2019-02-16', '01:35:55', 65),
(322, 0, 165.00, 'ปิด', '2019-02-16', '01:36:00', 65),
(323, 0, 165.00, 'ปิด', '2019-02-16', '01:36:05', 65),
(324, 0, 165.00, 'ปิด', '2019-02-16', '01:36:10', 65),
(325, 0, 141.00, 'ปิด', '2019-02-16', '01:36:15', 65),
(326, 1, 141.00, 'เปิด', '2019-02-16', '01:36:20', 66),
(327, 0, 141.00, 'ปิด', '2019-02-16', '01:36:20', 65),
(328, 0, 141.00, 'ปิด', '2019-02-16', '01:36:25', 65),
(329, 1, 141.00, 'เปิด', '2019-02-16', '01:36:30', 66),
(330, 0, 141.00, 'ปิด', '2019-02-16', '01:36:30', 65),
(331, 0, 141.00, 'ปิด', '2019-02-16', '01:36:35', 65),
(332, 0, 59.00, 'ปิด', '2019-02-16', '01:36:40', 65),
(333, 0, 144.00, 'ปิด', '2019-02-16', '01:36:45', 65),
(334, 0, 144.00, 'ปิด', '2019-02-16', '01:36:50', 65),
(335, 0, 145.00, 'ปิด', '2019-02-16', '01:36:56', 65),
(336, 0, 143.00, 'ปิด', '2019-02-16', '01:37:01', 65),
(337, 1, 143.00, 'เปิด', '2019-02-16', '01:37:33', 66),
(338, 1, 142.00, 'เปิด', '2019-02-16', '01:38:08', 0),
(339, 1, 59.00, 'เปิด', '2019-02-16', '01:38:11', 0),
(340, 1, 144.00, 'เปิด', '2019-02-16', '01:38:14', 0),
(341, 1, 144.00, 'เปิด', '2019-02-16', '01:38:17', 0),
(342, 1, 144.00, 'เปิด', '2019-02-16', '01:38:20', 0),
(343, 1, 144.00, 'เปิด', '2019-02-16', '01:38:24', 0),
(344, 1, 144.00, 'เปิด', '2019-02-16', '01:38:27', 0),
(345, 0, 144.00, 'ปิด', '2019-02-16', '01:38:29', 66),
(346, 1, 142.00, 'เปิด', '2019-02-16', '01:48:49', 66),
(347, 1, 142.00, 'เปิด', '2019-02-16', '01:48:51', 0),
(348, 1, 145.00, 'เปิด', '2019-02-16', '01:48:54', 0),
(349, 1, 142.00, 'เปิด', '2019-02-16', '01:48:58', 0),
(350, 1, 142.00, 'เปิด', '2019-02-16', '01:49:01', 0),
(351, 0, 142.00, 'ปิด', '2019-02-16', '01:49:03', 66),
(352, 1, 149.00, 'เปิด', '2019-02-16', '01:56:29', 65),
(353, 0, 3.00, 'ปิด', '2019-02-16', '01:56:43', 65),
(354, 0, 76.00, 'ปิด', '2019-02-16', '01:56:48', 65),
(355, 0, 4.00, 'ปิด', '2019-02-16', '01:56:53', 65),
(356, 1, 197.00, 'เปิด', '2019-02-16', '01:56:57', 65),
(357, 1, 181.00, 'เปิด', '2019-02-16', '01:57:07', 65),
(358, 1, 181.00, 'เปิด', '2019-02-16', '01:57:15', 65),
(359, 0, 13.00, 'ปิด', '2019-02-16', '01:57:20', 65),
(360, 0, 13.00, 'ปิด', '2019-02-16', '01:57:25', 65),
(361, 0, 14.00, 'ปิด', '2019-02-16', '01:57:30', 65),
(362, 1, 14.00, 'เปิด', '2019-02-16', '01:57:31', 66),
(363, 1, 10.00, 'เปิด', '2019-02-16', '01:57:34', 65),
(364, 1, 10.00, 'เปิด', '2019-02-16', '01:57:42', 65),
(365, 1, 10.00, 'เปิด', '2019-02-16', '01:57:45', 0),
(366, 1, 8.00, 'เปิด', '2019-02-16', '01:57:49', 65),
(367, 1, 8.00, 'เปิด', '2019-02-16', '01:57:57', 65),
(368, 0, 8.00, 'ปิด', '2019-02-16', '01:57:59', 66),
(369, 1, 8.00, 'เปิด', '2019-02-16', '01:58:00', 0),
(370, 1, 9.00, 'เปิด', '2019-02-16', '01:58:03', 65),
(371, 1, 9.00, 'เปิด', '2019-02-16', '01:58:11', 65),
(372, 0, 9.00, 'ปิด', '2019-02-16', '01:58:14', 66),
(373, 1, 9.00, 'เปิด', '2019-02-16', '01:58:15', 0),
(374, 1, 8.00, 'เปิด', '2019-02-16', '01:58:18', 65),
(375, 1, 8.00, 'เปิด', '2019-02-16', '01:58:27', 65),
(376, 1, 8.00, 'เปิด', '2019-02-16', '01:58:30', 0),
(377, 0, 8.00, 'ปิด', '2019-02-16', '01:58:32', 66),
(378, 1, 1.00, 'เปิด', '2019-02-16', '01:58:33', 65),
(379, 0, 4.00, 'ปิด', '2019-02-16', '01:58:48', 65),
(380, 0, 4.00, 'ปิด', '2019-02-16', '01:58:53', 65),
(381, 0, 4.00, 'ปิด', '2019-02-16', '01:58:59', 65),
(382, 0, 4.00, 'ปิด', '2019-02-16', '01:59:04', 65),
(383, 0, 5.00, 'ปิด', '2019-02-16', '01:59:09', 65),
(384, 0, 4.00, 'ปิด', '2019-02-16', '01:59:14', 65),
(385, 1, 4.00, 'เปิด', '2019-02-16', '01:59:16', 66),
(386, 1, 4.00, 'เปิด', '2019-02-16', '01:59:18', 65),
(387, 1, 4.00, 'เปิด', '2019-02-16', '01:59:26', 65),
(388, 1, 4.00, 'เปิด', '2019-02-16', '01:59:30', 0),
(389, 1, 4.00, 'เปิด', '2019-02-16', '01:59:33', 65),
(390, 1, 4.00, 'เปิด', '2019-02-16', '01:59:41', 65),
(391, 1, 4.00, 'เปิด', '2019-02-16', '01:59:45', 0),
(392, 1, 4.00, 'เปิด', '2019-02-16', '01:59:48', 65),
(393, 1, 4.00, 'เปิด', '2019-02-16', '01:59:56', 65),
(394, 1, 4.00, 'เปิด', '2019-02-16', '01:59:59', 0),
(395, 1, 4.00, 'เปิด', '2019-02-16', '02:00:02', 65),
(396, 0, 4.00, 'ปิด', '2019-02-16', '02:00:08', 66),
(397, 1, 4.00, 'เปิด', '2019-02-16', '02:00:11', 65),
(398, 1, 4.00, 'เปิด', '2019-02-16', '02:00:14', 0),
(399, 0, 4.00, 'ปิด', '2019-02-16', '02:00:16', 66),
(400, 1, 4.00, 'เปิด', '2019-02-16', '02:00:18', 65),
(401, 0, 49.00, 'ปิด', '2019-02-16', '02:05:09', 65),
(402, 0, 140.00, 'ปิด', '2019-02-16', '02:05:14', 65),
(403, 1, 194.00, 'เปิด', '2019-02-16', '02:05:18', 65),
(404, 1, 193.00, 'เปิด', '2019-02-16', '02:05:28', 65),
(405, 1, 193.00, 'เปิด', '2019-02-16', '02:05:36', 65),
(406, 0, 59.00, 'ปิด', '2019-02-16', '02:05:41', 65),
(407, 0, 84.00, 'ปิด', '2019-02-16', '02:05:46', 65),
(408, 0, 59.00, 'ปิด', '2019-02-16', '02:05:51', 65),
(409, 0, 59.00, 'ปิด', '2019-02-16', '02:05:56', 65),
(410, 0, 59.00, 'ปิด', '2019-02-16', '02:06:02', 65),
(411, 0, 59.00, 'ปิด', '2019-02-16', '02:06:07', 65),
(412, 0, 59.00, 'ปิด', '2019-02-16', '02:06:12', 65),
(413, 0, 59.00, 'ปิด', '2019-02-16', '02:06:17', 65),
(414, 0, 59.00, 'ปิด', '2019-02-16', '02:06:22', 65),
(415, 0, 59.00, 'ปิด', '2019-02-16', '02:06:27', 65),
(416, 1, 59.00, 'เปิด', '2019-02-16', '02:06:29', 66),
(417, 1, 59.00, 'เปิด', '2019-02-16', '02:06:31', 0),
(418, 1, 59.00, 'เปิด', '2019-02-16', '02:06:34', 0),
(419, 1, 59.00, 'เปิด', '2019-02-16', '02:06:37', 0),
(420, 1, 62.00, 'เปิด', '2019-02-16', '02:06:40', 0),
(421, 1, 59.00, 'เปิด', '2019-02-16', '02:06:44', 0),
(422, 1, 59.00, 'เปิด', '2019-02-16', '02:06:47', 0),
(423, 1, 58.00, 'เปิด', '2019-02-16', '02:06:50', 0),
(424, 1, 59.00, 'เปิด', '2019-02-16', '02:06:53', 0),
(425, 1, 59.00, 'เปิด', '2019-02-16', '02:06:56', 0),
(426, 0, 59.00, 'ปิด', '2019-02-16', '02:06:57', 66),
(427, 1, 194.00, 'เปิด', '2019-02-16', '02:07:12', 65),
(428, 0, 59.00, 'ปิด', '2019-02-16', '02:07:23', 65),
(429, 0, 98.00, 'ปิด', '2019-02-16', '11:03:09', 65),
(430, 0, 92.00, 'ปิด', '2019-02-16', '11:03:14', 65),
(431, 0, 93.00, 'ปิด', '2019-02-16', '11:03:20', 65),
(432, 0, 93.00, 'ปิด', '2019-02-16', '11:03:26', 65),
(433, 0, 154.00, 'ปิด', '2019-02-16', '11:03:32', 65),
(434, 0, 92.00, 'ปิด', '2019-02-16', '11:03:37', 65),
(435, 0, 93.00, 'ปิด', '2019-02-16', '11:03:42', 65),
(436, 0, 92.00, 'ปิด', '2019-02-16', '11:03:48', 65),
(437, 0, 92.00, 'ปิด', '2019-02-16', '11:03:53', 65),
(438, 0, 159.00, 'ปิด', '2019-02-16', '11:04:02', 65),
(439, 1, 190.00, 'เปิด', '2019-02-16', '11:04:09', 65),
(440, 1, 190.00, 'เปิด', '2019-02-16', '11:04:24', 65),
(441, 1, 190.00, 'เปิด', '2019-02-16', '11:04:33', 65),
(442, 0, 92.00, 'ปิด', '2019-02-16', '11:04:39', 65),
(443, 0, 92.00, 'ปิด', '2019-02-16', '11:04:45', 65),
(444, 0, 92.00, 'ปิด', '2019-02-16', '11:04:55', 65),
(445, 0, 92.00, 'ปิด', '2019-02-16', '11:05:01', 65),
(446, 0, 92.00, 'ปิด', '2019-02-16', '11:05:07', 65),
(447, 1, 92.00, 'เปิด', '2019-02-16', '11:05:08', 67),
(448, 1, 92.00, 'เปิด', '2019-02-16', '11:05:11', 0),
(449, 1, 92.00, 'เปิด', '2019-02-16', '11:05:15', 0),
(450, 1, 92.00, 'เปิด', '2019-02-16', '11:05:19', 0),
(451, 1, 92.00, 'เปิด', '2019-02-16', '11:05:22', 0),
(452, 0, 92.00, 'ปิด', '2019-02-16', '11:05:22', 67),
(453, 1, 187.00, 'เปิด', '2019-02-16', '11:07:20', 65),
(454, 0, 93.00, 'ปิด', '2019-02-16', '11:07:34', 65),
(455, 0, 92.00, 'ปิด', '2019-02-16', '11:07:39', 65),
(456, 1, 186.00, 'เปิด', '2019-02-16', '11:07:43', 65),
(457, 0, 93.00, 'ปิด', '2019-02-16', '11:07:56', 65),
(458, 0, 93.00, 'ปิด', '2019-02-16', '11:08:02', 65),
(459, 0, 93.00, 'ปิด', '2019-02-16', '11:08:08', 65),
(460, 0, 93.00, 'ปิด', '2019-02-16', '11:08:14', 65),
(461, 0, 93.00, 'ปิด', '2019-02-16', '11:08:19', 65),
(462, 0, 93.00, 'ปิด', '2019-02-16', '11:08:29', 65),
(463, 0, 93.00, 'ปิด', '2019-02-16', '11:08:36', 65),
(464, 0, 93.00, 'ปิด', '2019-02-16', '11:08:42', 65),
(465, 0, 93.00, 'ปิด', '2019-02-16', '11:08:48', 65),
(466, 0, 93.00, 'ปิด', '2019-02-16', '11:08:55', 65),
(467, 0, 93.00, 'ปิด', '2019-02-16', '11:09:01', 65),
(468, 0, 93.00, 'ปิด', '2019-02-16', '11:09:07', 65),
(469, 0, 93.00, 'ปิด', '2019-02-16', '11:09:13', 65),
(470, 0, 93.00, 'ปิด', '2019-02-16', '11:09:18', 65),
(471, 0, 93.00, 'ปิด', '2019-02-16', '11:09:24', 65),
(472, 0, 93.00, 'ปิด', '2019-02-16', '11:09:29', 65),
(473, 0, 94.00, 'ปิด', '2019-02-16', '11:09:35', 65),
(474, 0, 93.00, 'ปิด', '2019-02-16', '11:09:41', 65),
(475, 0, 93.00, 'ปิด', '2019-02-16', '11:09:46', 65),
(476, 0, 93.00, 'ปิด', '2019-02-16', '11:09:51', 65),
(477, 0, 93.00, 'ปิด', '2019-02-16', '11:10:03', 65),
(478, 0, 93.00, 'ปิด', '2019-02-16', '11:10:09', 65),
(479, 0, 93.00, 'ปิด', '2019-02-16', '11:10:14', 65),
(480, 0, 93.00, 'ปิด', '2019-02-16', '11:10:20', 65),
(481, 0, 93.00, 'ปิด', '2019-02-16', '11:10:26', 65),
(482, 0, 161.00, 'ปิด', '2019-02-16', '11:10:34', 65),
(483, 0, 93.00, 'ปิด', '2019-02-16', '11:10:43', 65),
(484, 0, 93.00, 'ปิด', '2019-02-16', '11:10:52', 65),
(485, 0, 93.00, 'ปิด', '2019-02-16', '11:10:58', 65),
(486, 0, 93.00, 'ปิด', '2019-02-16', '11:11:03', 65),
(487, 0, 93.00, 'ปิด', '2019-02-16', '11:11:10', 65),
(488, 0, 93.00, 'ปิด', '2019-02-16', '11:11:16', 65),
(489, 0, 111.00, 'ปิด', '2019-02-16', '11:11:21', 65),
(490, 0, 93.00, 'ปิด', '2019-02-16', '11:11:27', 65),
(491, 0, 93.00, 'ปิด', '2019-02-16', '11:11:33', 65),
(492, 0, 160.00, 'ปิด', '2019-02-16', '11:11:40', 65),
(493, 0, 93.00, 'ปิด', '2019-02-16', '11:11:45', 65),
(494, 1, 171.00, 'เปิด', '2019-02-16', '11:11:49', 65),
(495, 0, 90.00, 'ปิด', '2019-02-16', '11:12:02', 65),
(496, 0, 93.00, 'ปิด', '2019-02-16', '11:12:08', 65),
(497, 0, 93.00, 'ปิด', '2019-02-16', '11:12:13', 65),
(498, 0, 93.00, 'ปิด', '2019-02-16', '11:12:19', 65),
(499, 0, 93.00, 'ปิด', '2019-02-16', '11:12:24', 65),
(500, 0, 92.00, 'ปิด', '2019-02-16', '11:12:31', 65),
(501, 0, 92.00, 'ปิด', '2019-02-16', '11:12:36', 65),
(502, 0, 92.00, 'ปิด', '2019-02-16', '11:12:43', 65),
(503, 0, 92.00, 'ปิด', '2019-02-16', '11:12:50', 65),
(504, 0, 92.00, 'ปิด', '2019-02-16', '11:12:55', 65),
(505, 0, 92.00, 'ปิด', '2019-02-16', '11:13:01', 65),
(506, 0, 92.00, 'ปิด', '2019-02-16', '11:13:07', 65),
(507, 0, 92.00, 'ปิด', '2019-02-16', '11:13:13', 65),
(508, 0, 92.00, 'ปิด', '2019-02-16', '11:13:18', 65),
(509, 0, 92.00, 'ปิด', '2019-02-16', '11:13:24', 65),
(510, 0, 93.00, 'ปิด', '2019-02-16', '11:13:30', 65),
(511, 0, 92.00, 'ปิด', '2019-02-16', '11:13:37', 65);

-- --------------------------------------------------------

--
-- Table structure for table `test`
--

CREATE TABLE `test` (
  `id` int(11) NOT NULL,
  `num` int(11) NOT NULL,
  `date` date NOT NULL
) ENGINE=InnoDB DEFAULT CHARSET=utf8;

--
-- Dumping data for table `test`
--

INSERT INTO `test` (`id`, `num`, `date`) VALUES
(1, 196, '2019-02-10'),
(2, 154, '2019-02-10'),
(195, 0, '2019-02-08'),
(196, 170, '2019-02-07'),
(197, 179, '2019-02-04'),
(198, 150, '2019-02-01'),
(199, 190, '2019-02-01');

-- --------------------------------------------------------

--
-- Table structure for table `users`
--

CREATE TABLE `users` (
  `id` int(10) UNSIGNED NOT NULL,
  `email` varchar(255) COLLATE utf8mb4_unicode_ci NOT NULL,
  `password` varchar(255) COLLATE utf8mb4_unicode_ci NOT NULL,
  `name` varchar(50) COLLATE utf8mb4_unicode_ci NOT NULL,
  `lastname` varchar(50) COLLATE utf8mb4_unicode_ci NOT NULL,
  `api_token` varchar(60) COLLATE utf8mb4_unicode_ci DEFAULT NULL,
  `isadmin` int(1) NOT NULL DEFAULT '0',
  `created_at` timestamp NULL DEFAULT NULL,
  `updated_at` timestamp NULL DEFAULT NULL
) ENGINE=InnoDB DEFAULT CHARSET=utf8mb4 COLLATE=utf8mb4_unicode_ci;

--
-- Dumping data for table `users`
--

INSERT INTO `users` (`id`, `email`, `password`, `name`, `lastname`, `api_token`, `isadmin`, `created_at`, `updated_at`) VALUES
(1, 'fdf@hotmail.com', '$2y$10$eR3qI5nAWoHjD.y0GjoiM.upgZC9X43kgXQwoySm/wAi8qhGDmwWS', 'ดอกไม้', 'สวย', NULL, 2, '2019-02-08 21:53:53', '2019-02-08 21:53:53'),
(48, 'u@hotmail.com', '81dc9bdb52d04dc20036dbd8313ed055', 'gatttaaa', 'sdfssssss', NULL, 2, '2019-02-08 21:17:27', '2019-02-08 21:17:27'),
(63, 'admin@hotmail.com', 'YWRtaW4=', 'admin', 'uuuuu', NULL, 1, '2019-02-16 03:50:50', '2019-03-02 20:17:50'),
(65, 'auto@hotmail.com', 'MTIzNA==', 'AUTO', 'machine', NULL, 2, '2019-02-11 19:53:31', '2019-02-11 19:53:31'),
(67, 'p@hotmail.com', 'MTIzNA==', 'rrrr', 'dfdfdf', NULL, 2, '2019-02-16 03:58:13', '2019-03-02 20:21:17');

-- --------------------------------------------------------

--
-- Table structure for table `user_activities`
--

CREATE TABLE `user_activities` (
  `id` int(10) UNSIGNED NOT NULL,
  `value` int(11) NOT NULL,
  `date` date NOT NULL,
  `time` time NOT NULL,
  `idUsers` int(10) UNSIGNED NOT NULL
) ENGINE=InnoDB DEFAULT CHARSET=utf8mb4 COLLATE=utf8mb4_unicode_ci;

--
-- Dumping data for table `user_activities`
--

INSERT INTO `user_activities` (`id`, `value`, `date`, `time`, `idUsers`) VALUES
(15, 150, '2019-01-17', '18:17:25', 1),
(16, 178, '2019-01-17', '18:18:06', 1),
(17, 130, '2019-01-17', '18:18:41', 1),
(18, 100, '2019-01-18', '23:27:14', 1),
(19, 20, '2019-01-19', '11:34:15', 1),
(20, 100, '2019-02-07', '01:04:10', 1),
(21, 80, '2019-02-07', '20:39:28', 1),
(22, 50, '2019-02-07', '20:40:01', 1),
(23, 30, '2019-02-08', '04:20:24', 1),
(24, 35, '2019-02-15', '23:46:28', 1),
(25, 30, '2019-02-16', '10:56:27', 1),
(26, 0, '2019-02-26', '14:45:07', 1),
(27, 0, '2019-02-26', '14:48:07', 1),
(28, 12, '2019-02-26', '15:37:09', 1);

-- --------------------------------------------------------

--
-- Table structure for table `waters`
--

CREATE TABLE `waters` (
  `id` int(10) UNSIGNED NOT NULL,
  `waterLevel` double(5,2) NOT NULL,
  `sensor_duration` double(8,2) NOT NULL,
  `date` date NOT NULL,
  `time` time NOT NULL
) ENGINE=InnoDB DEFAULT CHARSET=utf8mb4 COLLATE=utf8mb4_unicode_ci;

--
-- Dumping data for table `waters`
--

INSERT INTO `waters` (`id`, `waterLevel`, `sensor_duration`, `date`, `time`) VALUES
(72, 160.00, 40.00, '2019-02-11', '22:18:24'),
(73, 163.00, 37.00, '2019-02-11', '22:18:29'),
(74, 162.00, 38.00, '2019-02-11', '22:18:34'),
(75, 161.00, 39.00, '2019-02-11', '22:18:39'),
(76, 188.00, 12.00, '2019-02-11', '22:18:52'),
(77, 188.00, 12.00, '2019-02-11', '22:18:55'),
(78, 0.00, 1751.00, '2019-02-11', '22:18:59'),
(79, 189.00, 11.00, '2019-02-11', '22:19:11'),
(80, 189.00, 11.00, '2019-02-11', '22:19:14'),
(81, 189.00, 11.00, '2019-02-11', '22:19:24'),
(82, 189.00, 11.00, '2019-02-11', '22:19:27'),
(83, 189.00, 11.00, '2019-02-11', '22:19:38'),
(84, 189.00, 11.00, '2019-02-11', '22:19:41'),
(85, 177.00, 23.00, '2019-02-11', '22:19:51'),
(86, 177.00, 23.00, '2019-02-11', '22:19:54'),
(87, 161.00, 39.00, '2019-02-11', '22:19:58'),
(88, 161.00, 39.00, '2019-02-11', '22:20:03'),
(89, 162.00, 38.00, '2019-02-11', '22:20:08'),
(90, 162.00, 38.00, '2019-02-11', '22:20:13'),
(91, 161.00, 39.00, '2019-02-11', '22:20:18'),
(92, 162.00, 38.00, '2019-02-11', '22:20:26'),
(93, 161.00, 39.00, '2019-02-11', '22:20:30'),
(94, 161.00, 39.00, '2019-02-11', '22:20:35'),
(95, 162.00, 38.00, '2019-02-11', '22:20:42'),
(96, 161.00, 39.00, '2019-02-11', '22:21:44'),
(97, 162.00, 38.00, '2019-02-11', '22:22:47'),
(98, 161.00, 39.00, '2019-02-11', '22:22:52'),
(99, 189.00, 11.00, '2019-02-11', '22:23:04'),
(100, 189.00, 11.00, '2019-02-11', '22:23:07'),
(101, 161.00, 39.00, '2019-02-11', '22:23:10'),
(102, 160.00, 40.00, '2019-02-11', '22:23:15'),
(103, 161.00, 39.00, '2019-02-11', '22:23:20'),
(104, 161.00, 39.00, '2019-02-11', '22:23:25'),
(105, 161.00, 39.00, '2019-02-11', '22:23:30'),
(106, 161.00, 39.00, '2019-02-11', '22:23:36'),
(107, 135.00, 65.00, '2019-02-12', '03:10:58'),
(108, 132.00, 68.00, '2019-02-12', '03:11:03'),
(109, 190.00, 10.00, '2019-02-12', '03:12:13'),
(110, 190.00, 10.00, '2019-02-12', '03:12:16'),
(111, 137.00, 63.00, '2019-02-12', '03:12:19'),
(112, 54.00, 146.00, '2019-02-12', '03:13:22'),
(113, 135.00, 65.00, '2019-02-12', '03:14:25'),
(114, 54.00, 146.00, '2019-02-12', '03:15:29'),
(115, 54.00, 146.00, '2019-02-12', '03:16:32'),
(116, 135.00, 65.00, '2019-02-12', '03:17:43'),
(117, 0.00, 287.00, '2019-02-12', '03:18:47'),
(118, 133.00, 67.00, '2019-02-12', '03:19:50'),
(119, 128.00, 72.00, '2019-02-12', '03:20:53'),
(120, 54.00, 146.00, '2019-02-12', '03:21:56'),
(121, 187.00, 13.00, '2019-02-12', '03:23:05'),
(122, 187.00, 13.00, '2019-02-12', '03:23:08'),
(123, 130.00, 70.00, '2019-02-12', '03:23:12'),
(124, 134.00, 66.00, '2019-02-12', '03:24:15'),
(125, 135.00, 65.00, '2019-02-12', '03:25:18'),
(126, 190.00, 10.00, '2019-02-12', '03:26:28'),
(127, 190.00, 10.00, '2019-02-12', '03:26:31'),
(128, 173.00, 27.00, '2019-02-12', '03:26:41'),
(129, 173.00, 27.00, '2019-02-12', '03:26:44'),
(130, 150.00, 50.00, '2019-02-12', '03:26:48'),
(131, 134.00, 66.00, '2019-02-12', '03:27:51'),
(132, 110.00, 90.00, '2019-02-12', '03:35:40'),
(133, 134.00, 66.00, '2019-02-12', '03:35:45'),
(134, 134.00, 66.00, '2019-02-12', '03:36:48'),
(135, 54.00, 146.00, '2019-02-12', '03:37:51'),
(136, 177.00, 23.00, '2019-02-12', '03:39:03'),
(137, 177.00, 23.00, '2019-02-12', '03:39:05'),
(138, 177.00, 23.00, '2019-02-12', '03:39:16'),
(139, 177.00, 23.00, '2019-02-12', '03:39:19'),
(140, 0.00, 286.00, '2019-02-12', '03:39:23'),
(141, 141.00, 59.00, '2019-02-12', '03:40:26'),
(142, 0.00, 286.00, '2019-02-12', '03:41:29'),
(143, 131.00, 69.00, '2019-02-12', '03:42:34'),
(144, 52.00, 148.00, '2019-02-12', '03:43:37'),
(145, 54.00, 146.00, '2019-02-12', '03:44:40'),
(146, 140.00, 60.00, '2019-02-12', '03:45:43'),
(147, 139.00, 61.00, '2019-02-12', '03:46:46'),
(148, 139.00, 61.00, '2019-02-12', '03:47:50'),
(149, 53.00, 147.00, '2019-02-12', '03:48:51'),
(150, 158.00, 42.00, '2019-02-14', '00:27:10'),
(151, 193.00, 7.00, '2019-02-14', '00:28:21'),
(152, 193.00, 7.00, '2019-02-14', '00:28:24'),
(153, 169.00, 31.00, '2019-02-14', '00:28:28'),
(154, 187.00, 13.00, '2019-02-14', '00:29:38'),
(155, 187.00, 13.00, '2019-02-14', '00:29:40'),
(156, 187.00, 13.00, '2019-02-14', '00:29:51'),
(157, 187.00, 13.00, '2019-02-14', '00:29:54'),
(158, 158.00, 42.00, '2019-02-14', '00:29:59'),
(159, 158.00, 42.00, '2019-02-14', '00:31:02'),
(160, 133.00, 67.00, '2019-02-14', '00:32:06'),
(161, 158.00, 42.00, '2019-02-14', '00:33:10'),
(162, 158.00, 42.00, '2019-02-14', '00:34:13'),
(163, 158.00, 42.00, '2019-02-14', '00:35:17'),
(164, 159.00, 41.00, '2019-02-14', '00:36:20'),
(165, 159.00, 41.00, '2019-02-14', '00:37:24'),
(166, 159.00, 41.00, '2019-02-14', '00:38:28'),
(167, 159.00, 41.00, '2019-02-14', '00:39:32'),
(168, 186.00, 14.00, '2019-02-14', '00:40:44'),
(169, 186.00, 14.00, '2019-02-14', '00:40:47'),
(170, 170.00, 30.00, '2019-02-14', '02:18:26'),
(171, 170.00, 30.00, '2019-02-14', '02:18:29'),
(172, 170.00, 30.00, '2019-02-14', '02:18:32'),
(173, 170.00, 30.00, '2019-02-14', '02:18:44'),
(174, 170.00, 30.00, '2019-02-14', '02:18:47'),
(175, 170.00, 30.00, '2019-02-14', '02:18:50'),
(176, 170.00, 30.00, '2019-02-14', '02:19:02'),
(177, 170.00, 30.00, '2019-02-14', '02:19:05'),
(178, 170.00, 30.00, '2019-02-14', '02:19:08'),
(179, 170.00, 30.00, '2019-02-14', '02:19:20'),
(180, 170.00, 30.00, '2019-02-14', '02:19:23'),
(181, 170.00, 30.00, '2019-02-14', '02:19:26'),
(182, 170.00, 30.00, '2019-02-14', '02:19:38'),
(183, 170.00, 30.00, '2019-02-14', '02:19:41'),
(184, 170.00, 30.00, '2019-02-14', '02:19:44'),
(185, 169.00, 31.00, '2019-02-14', '02:19:49'),
(186, 169.00, 31.00, '2019-02-14', '02:19:54'),
(187, 170.00, 30.00, '2019-02-14', '02:20:06'),
(188, 170.00, 30.00, '2019-02-14', '02:20:09'),
(189, 170.00, 30.00, '2019-02-14', '02:20:12'),
(190, 170.00, 30.00, '2019-02-14', '02:20:17'),
(191, 158.00, 42.00, '2019-02-14', '02:27:44'),
(192, 157.00, 43.00, '2019-02-14', '02:27:49'),
(193, 176.00, 24.00, '2019-02-14', '02:28:01'),
(194, 176.00, 24.00, '2019-02-14', '02:28:12'),
(195, 177.00, 23.00, '2019-02-14', '02:28:24'),
(196, 176.00, 24.00, '2019-02-14', '02:28:39'),
(197, 158.00, 42.00, '2019-02-14', '02:28:44'),
(198, 158.00, 42.00, '2019-02-14', '02:28:49'),
(199, 157.00, 43.00, '2019-02-14', '02:28:54'),
(200, 157.00, 43.00, '2019-02-14', '02:29:01'),
(201, 157.00, 43.00, '2019-02-14', '02:30:02'),
(202, 177.00, 23.00, '2019-02-14', '02:31:12'),
(203, 157.00, 43.00, '2019-02-14', '02:31:16'),
(204, 158.00, 42.00, '2019-02-14', '02:31:21'),
(205, 158.00, 42.00, '2019-02-14', '02:31:26'),
(206, 158.00, 42.00, '2019-02-14', '02:31:31'),
(207, 158.00, 42.00, '2019-02-14', '02:31:36'),
(208, 158.00, 42.00, '2019-02-14', '02:31:42'),
(209, 157.00, 43.00, '2019-02-14', '02:32:44'),
(210, 158.00, 42.00, '2019-02-14', '02:33:47'),
(211, 158.00, 42.00, '2019-02-14', '02:33:52'),
(212, 181.00, 19.00, '2019-02-14', '02:34:50'),
(213, 158.00, 42.00, '2019-02-14', '02:34:53'),
(214, 157.00, 43.00, '2019-02-14', '02:34:58'),
(215, 136.00, 64.00, '2019-02-16', '00:01:49'),
(216, 135.00, 65.00, '2019-02-16', '00:01:52'),
(217, 55.00, 145.00, '2019-02-16', '00:02:00'),
(218, 134.00, 66.00, '2019-02-16', '00:02:05'),
(219, 136.00, 64.00, '2019-02-16', '00:02:10'),
(220, 177.00, 23.00, '2019-02-16', '00:02:22'),
(221, 54.00, 146.00, '2019-02-16', '00:02:25'),
(222, 55.00, 145.00, '2019-02-16', '00:02:30'),
(223, 55.00, 145.00, '2019-02-16', '00:02:35'),
(224, 134.00, 66.00, '2019-02-16', '00:02:40'),
(225, 133.00, 67.00, '2019-02-16', '00:02:45'),
(226, 134.00, 66.00, '2019-02-16', '00:02:50'),
(227, 134.00, 66.00, '2019-02-16', '00:02:55'),
(228, 135.00, 65.00, '2019-02-16', '00:03:00'),
(229, 159.00, 41.00, '2019-02-16', '00:03:05'),
(230, 182.00, 18.00, '2019-02-16', '00:03:18'),
(231, 185.00, 15.00, '2019-02-16', '00:03:28'),
(232, 0.00, 286.00, '2019-02-16', '00:03:33'),
(233, 55.00, 145.00, '2019-02-16', '00:03:38'),
(234, 134.00, 66.00, '2019-02-16', '00:03:43'),
(235, 134.00, 66.00, '2019-02-16', '00:03:48'),
(236, 127.00, 73.00, '2019-02-16', '00:03:53'),
(237, 187.00, 13.00, '2019-02-16', '00:04:05'),
(238, 191.00, 9.00, '2019-02-16', '00:04:16'),
(239, 187.00, 13.00, '2019-02-16', '00:04:27'),
(240, 32.00, 168.00, '2019-02-16', '00:04:33'),
(241, 16.00, 184.00, '2019-02-16', '00:04:38'),
(242, 16.00, 184.00, '2019-02-16', '00:04:43'),
(243, 28.00, 172.00, '2019-02-16', '00:04:48'),
(244, 14.00, 186.00, '2019-02-16', '00:04:53'),
(245, 28.00, 172.00, '2019-02-16', '00:04:58'),
(246, 27.00, 173.00, '2019-02-16', '00:05:03'),
(247, 11.00, 189.00, '2019-02-16', '00:05:08'),
(248, 9.00, 191.00, '2019-02-16', '00:05:13'),
(249, 10.00, 190.00, '2019-02-16', '00:05:18'),
(250, 11.00, 189.00, '2019-02-16', '00:05:23'),
(251, 10.00, 190.00, '2019-02-16', '00:05:28'),
(252, 85.00, 115.00, '2019-02-16', '00:05:33'),
(253, 13.00, 187.00, '2019-02-16', '00:05:38'),
(254, 8.00, 192.00, '2019-02-16', '00:05:43'),
(255, 2.00, 198.00, '2019-02-16', '00:05:48'),
(256, 1.00, 199.00, '2019-02-16', '00:05:53'),
(257, 3.00, 197.00, '2019-02-16', '00:05:58'),
(258, 1.00, 199.00, '2019-02-16', '00:06:03'),
(259, 0.00, 200.00, '2019-02-16', '00:06:08'),
(260, 1.00, 199.00, '2019-02-16', '00:06:13'),
(261, 1.00, 199.00, '2019-02-16', '00:06:18'),
(262, 1.00, 199.00, '2019-02-16', '00:06:23'),
(263, 1.00, 199.00, '2019-02-16', '00:06:30'),
(264, 1.00, 199.00, '2019-02-16', '00:06:32'),
(265, 0.00, 201.00, '2019-02-16', '00:06:37'),
(266, 163.00, 37.00, '2019-02-16', '00:06:42'),
(267, 164.00, 36.00, '2019-02-16', '00:06:47'),
(268, 168.00, 32.00, '2019-02-16', '00:06:59'),
(269, 165.00, 35.00, '2019-02-16', '00:07:09'),
(270, 165.00, 35.00, '2019-02-16', '00:07:14'),
(271, 164.00, 36.00, '2019-02-16', '00:07:18'),
(272, 163.00, 37.00, '2019-02-16', '00:07:23'),
(273, 163.00, 37.00, '2019-02-16', '00:07:29'),
(274, 164.00, 36.00, '2019-02-16', '00:07:34'),
(275, 164.00, 36.00, '2019-02-16', '00:07:39'),
(276, 164.00, 36.00, '2019-02-16', '00:07:44'),
(277, 164.00, 36.00, '2019-02-16', '00:07:49'),
(278, 171.00, 29.00, '2019-02-16', '00:11:27'),
(279, 165.00, 35.00, '2019-02-16', '00:11:30'),
(280, 165.00, 35.00, '2019-02-16', '00:11:41'),
(281, 165.00, 35.00, '2019-02-16', '00:11:44'),
(282, 78.00, 122.00, '2019-02-16', '00:11:49'),
(283, 4.00, 196.00, '2019-02-16', '00:11:54'),
(284, 4.00, 196.00, '2019-02-16', '00:11:59'),
(285, 5.00, 195.00, '2019-02-16', '00:12:06'),
(286, 6.00, 194.00, '2019-02-16', '00:12:07'),
(287, 5.00, 195.00, '2019-02-16', '00:12:12'),
(288, 4.00, 196.00, '2019-02-16', '00:12:17'),
(289, 165.00, 35.00, '2019-02-16', '00:21:55'),
(290, 164.00, 36.00, '2019-02-16', '00:22:00'),
(291, 165.00, 35.00, '2019-02-16', '00:22:05'),
(292, 164.00, 36.00, '2019-02-16', '00:22:10'),
(293, 165.00, 35.00, '2019-02-16', '00:22:15'),
(294, 164.00, 36.00, '2019-02-16', '00:22:20'),
(295, 164.00, 36.00, '2019-02-16', '00:22:25'),
(296, 164.00, 36.00, '2019-02-16', '00:22:30'),
(297, 164.00, 36.00, '2019-02-16', '00:22:35'),
(298, 164.00, 36.00, '2019-02-16', '00:22:40'),
(299, 164.00, 36.00, '2019-02-16', '00:22:46'),
(300, 164.00, 36.00, '2019-02-16', '00:22:51'),
(301, 164.00, 36.00, '2019-02-16', '00:22:56'),
(302, 164.00, 36.00, '2019-02-16', '00:23:01'),
(303, 165.00, 35.00, '2019-02-16', '00:23:09'),
(304, 164.00, 36.00, '2019-02-16', '00:23:14'),
(305, 164.00, 36.00, '2019-02-16', '00:23:21'),
(306, 165.00, 35.00, '2019-02-16', '00:23:26'),
(307, 165.00, 35.00, '2019-02-16', '00:23:31'),
(308, 165.00, 35.00, '2019-02-16', '00:23:36'),
(309, 165.00, 35.00, '2019-02-16', '00:23:41'),
(310, 165.00, 35.00, '2019-02-16', '00:23:46'),
(311, 165.00, 35.00, '2019-02-16', '00:23:51'),
(312, 165.00, 35.00, '2019-02-16', '00:23:56'),
(313, 165.00, 35.00, '2019-02-16', '00:24:01'),
(314, 165.00, 35.00, '2019-02-16', '00:24:06'),
(315, 165.00, 35.00, '2019-02-16', '00:24:11'),
(316, 165.00, 35.00, '2019-02-16', '00:24:16'),
(317, 165.00, 35.00, '2019-02-16', '00:24:21'),
(318, 164.00, 36.00, '2019-02-16', '00:24:26'),
(319, 165.00, 35.00, '2019-02-16', '00:24:31'),
(320, 165.00, 35.00, '2019-02-16', '00:24:36'),
(321, 165.00, 35.00, '2019-02-16', '00:24:41'),
(322, 164.00, 36.00, '2019-02-16', '00:24:46'),
(323, 165.00, 35.00, '2019-02-16', '00:24:51'),
(324, 165.00, 35.00, '2019-02-16', '00:24:56'),
(325, 165.00, 35.00, '2019-02-16', '00:25:01'),
(326, 164.00, 36.00, '2019-02-16', '00:25:06'),
(327, 164.00, 36.00, '2019-02-16', '00:25:12'),
(328, 164.00, 36.00, '2019-02-16', '00:25:17'),
(329, 165.00, 35.00, '2019-02-16', '00:25:22'),
(330, 11.00, 189.00, '2019-02-16', '00:25:27'),
(331, 0.00, 1537.00, '2019-02-16', '00:25:32'),
(332, 0.00, 1559.00, '2019-02-16', '00:25:38'),
(333, 0.00, 1559.00, '2019-02-16', '00:25:43'),
(334, 0.00, 864.00, '2019-02-16', '00:25:55'),
(335, 164.00, 36.00, '2019-02-16', '00:26:00'),
(336, 164.00, 36.00, '2019-02-16', '00:26:05'),
(337, 144.00, 56.00, '2019-02-16', '00:26:11'),
(338, 165.00, 35.00, '2019-02-16', '00:26:16'),
(339, 165.00, 35.00, '2019-02-16', '00:26:21'),
(340, 141.00, 59.00, '2019-02-16', '00:26:27'),
(341, 142.00, 58.00, '2019-02-16', '00:26:32'),
(342, 141.00, 59.00, '2019-02-16', '00:26:37'),
(343, 162.00, 38.00, '2019-02-16', '00:26:42'),
(344, 165.00, 35.00, '2019-02-16', '00:26:47'),
(345, 141.00, 59.00, '2019-02-16', '00:26:52'),
(346, 141.00, 59.00, '2019-02-16', '00:26:57'),
(347, 142.00, 58.00, '2019-02-16', '00:27:03'),
(348, 142.00, 58.00, '2019-02-16', '00:27:08'),
(349, 142.00, 58.00, '2019-02-16', '00:27:13'),
(350, 141.00, 59.00, '2019-02-16', '00:27:18'),
(351, 141.00, 59.00, '2019-02-16', '00:27:23'),
(352, 142.00, 58.00, '2019-02-16', '00:27:28'),
(353, 163.00, 37.00, '2019-02-16', '00:27:33'),
(354, 142.00, 58.00, '2019-02-16', '00:27:38'),
(355, 163.00, 37.00, '2019-02-16', '00:27:43'),
(356, 163.00, 37.00, '2019-02-16', '00:27:48'),
(357, 148.00, 52.00, '2019-02-16', '00:27:53'),
(358, 154.00, 46.00, '2019-02-16', '00:27:58'),
(359, 153.00, 47.00, '2019-02-16', '00:28:03'),
(360, 0.00, 281.00, '2019-02-16', '00:28:08'),
(361, 154.00, 46.00, '2019-02-16', '00:28:13'),
(362, 154.00, 46.00, '2019-02-16', '00:28:18'),
(363, 154.00, 46.00, '2019-02-16', '00:28:23'),
(364, 143.00, 57.00, '2019-02-16', '00:28:29'),
(365, 140.00, 60.00, '2019-02-16', '00:28:34'),
(366, 151.00, 49.00, '2019-02-16', '00:28:39'),
(367, 141.00, 59.00, '2019-02-16', '00:28:44'),
(368, 142.00, 58.00, '2019-02-16', '00:28:49'),
(369, 141.00, 59.00, '2019-02-16', '00:28:54'),
(370, 141.00, 59.00, '2019-02-16', '00:28:59'),
(371, 142.00, 58.00, '2019-02-16', '00:29:04'),
(372, 146.00, 54.00, '2019-02-16', '00:29:09'),
(373, 0.00, 280.00, '2019-02-16', '00:29:14'),
(374, 143.00, 57.00, '2019-02-16', '00:29:19'),
(375, 0.00, 280.00, '2019-02-16', '00:29:24'),
(376, 0.00, 872.00, '2019-02-16', '00:36:28'),
(377, 0.00, 1499.00, '2019-02-16', '00:36:36'),
(378, 0.00, 874.00, '2019-02-16', '00:37:15'),
(379, 0.00, 1503.00, '2019-02-16', '00:37:24'),
(380, 164.00, 36.00, '2019-02-16', '00:39:45'),
(381, 141.00, 59.00, '2019-02-16', '00:39:47'),
(382, 142.00, 58.00, '2019-02-16', '00:39:52'),
(383, 142.00, 58.00, '2019-02-16', '00:39:57'),
(384, 142.00, 58.00, '2019-02-16', '00:40:02'),
(385, 142.00, 58.00, '2019-02-16', '00:40:08'),
(386, 147.00, 53.00, '2019-02-16', '00:40:10'),
(387, 142.00, 58.00, '2019-02-16', '00:40:15'),
(388, 143.00, 57.00, '2019-02-16', '00:40:20'),
(389, 143.00, 57.00, '2019-02-16', '00:40:25'),
(390, 142.00, 58.00, '2019-02-16', '00:40:30'),
(391, 142.00, 58.00, '2019-02-16', '00:40:35'),
(392, 142.00, 58.00, '2019-02-16', '00:40:41'),
(393, 138.00, 62.00, '2019-02-16', '00:45:51'),
(394, 59.00, 141.00, '2019-02-16', '00:45:53'),
(395, 142.00, 58.00, '2019-02-16', '00:45:59'),
(396, 57.00, 143.00, '2019-02-16', '00:46:04'),
(397, 58.00, 142.00, '2019-02-16', '00:46:11'),
(398, 57.00, 143.00, '2019-02-16', '00:46:17'),
(399, 143.00, 57.00, '2019-02-16', '00:46:23'),
(400, 165.00, 35.00, '2019-02-16', '00:46:28'),
(401, 55.00, 145.00, '2019-02-16', '00:46:33'),
(402, 165.00, 35.00, '2019-02-16', '01:35:29'),
(403, 165.00, 35.00, '2019-02-16', '01:35:33'),
(404, 165.00, 35.00, '2019-02-16', '01:35:38'),
(405, 165.00, 35.00, '2019-02-16', '01:35:43'),
(406, 165.00, 35.00, '2019-02-16', '01:35:48'),
(407, 165.00, 35.00, '2019-02-16', '01:35:53'),
(408, 165.00, 35.00, '2019-02-16', '01:35:59'),
(409, 165.00, 35.00, '2019-02-16', '01:36:04'),
(410, 165.00, 35.00, '2019-02-16', '01:36:09'),
(411, 141.00, 59.00, '2019-02-16', '01:36:14'),
(412, 141.00, 59.00, '2019-02-16', '01:36:19'),
(413, 141.00, 59.00, '2019-02-16', '01:36:24'),
(414, 141.00, 59.00, '2019-02-16', '01:36:29'),
(415, 141.00, 59.00, '2019-02-16', '01:36:34'),
(416, 59.00, 141.00, '2019-02-16', '01:36:39'),
(417, 144.00, 56.00, '2019-02-16', '01:36:44'),
(418, 144.00, 56.00, '2019-02-16', '01:36:49'),
(419, 145.00, 55.00, '2019-02-16', '01:36:54'),
(420, 143.00, 57.00, '2019-02-16', '01:36:59'),
(421, 142.00, 58.00, '2019-02-16', '01:38:09'),
(422, 59.00, 141.00, '2019-02-16', '01:38:12'),
(423, 144.00, 56.00, '2019-02-16', '01:38:16'),
(424, 144.00, 56.00, '2019-02-16', '01:38:19'),
(425, 144.00, 56.00, '2019-02-16', '01:38:22'),
(426, 144.00, 56.00, '2019-02-16', '01:38:25'),
(427, 144.00, 56.00, '2019-02-16', '01:38:28'),
(428, 147.00, 53.00, '2019-02-16', '01:38:30'),
(429, 142.00, 58.00, '2019-02-16', '01:48:33'),
(430, 142.00, 58.00, '2019-02-16', '01:48:36'),
(431, 142.00, 58.00, '2019-02-16', '01:48:39'),
(432, 142.00, 58.00, '2019-02-16', '01:48:42'),
(433, 142.00, 58.00, '2019-02-16', '01:48:45'),
(434, 142.00, 58.00, '2019-02-16', '01:48:48'),
(435, 142.00, 58.00, '2019-02-16', '01:48:53'),
(436, 145.00, 55.00, '2019-02-16', '01:48:56'),
(437, 142.00, 58.00, '2019-02-16', '01:48:59'),
(438, 142.00, 58.00, '2019-02-16', '01:49:02'),
(439, 142.00, 58.00, '2019-02-16', '01:49:04'),
(440, 141.00, 59.00, '2019-02-16', '01:49:07'),
(441, 140.00, 60.00, '2019-02-16', '01:49:10'),
(442, 140.00, 60.00, '2019-02-16', '01:49:13'),
(443, 141.00, 59.00, '2019-02-16', '01:49:16'),
(444, 141.00, 59.00, '2019-02-16', '01:49:19'),
(445, 141.00, 59.00, '2019-02-16', '01:49:23'),
(446, 141.00, 59.00, '2019-02-16', '01:49:26'),
(447, 141.00, 59.00, '2019-02-16', '01:49:29'),
(448, 141.00, 59.00, '2019-02-16', '01:49:32'),
(449, 141.00, 59.00, '2019-02-16', '01:49:35'),
(450, 140.00, 60.00, '2019-02-16', '01:49:38'),
(451, 141.00, 59.00, '2019-02-16', '01:49:42'),
(452, 140.00, 60.00, '2019-02-16', '01:49:45'),
(453, 140.00, 60.00, '2019-02-16', '01:49:48'),
(454, 141.00, 59.00, '2019-02-16', '01:49:51'),
(455, 141.00, 59.00, '2019-02-16', '01:49:54'),
(456, 141.00, 59.00, '2019-02-16', '01:49:57'),
(457, 142.00, 58.00, '2019-02-16', '01:50:06'),
(458, 142.00, 58.00, '2019-02-16', '01:50:09'),
(459, 142.00, 58.00, '2019-02-16', '01:50:12'),
(460, 141.00, 59.00, '2019-02-16', '01:50:15'),
(461, 141.00, 59.00, '2019-02-16', '01:50:18'),
(462, 141.00, 59.00, '2019-02-16', '01:50:21'),
(463, 142.00, 58.00, '2019-02-16', '01:50:25'),
(464, 142.00, 58.00, '2019-02-16', '01:50:28'),
(465, 141.00, 59.00, '2019-02-16', '01:50:31'),
(466, 142.00, 58.00, '2019-02-16', '01:50:34'),
(467, 141.00, 59.00, '2019-02-16', '01:50:37'),
(468, 142.00, 58.00, '2019-02-16', '01:50:40'),
(469, 60.00, 140.00, '2019-02-16', '01:50:43'),
(470, 142.00, 58.00, '2019-02-16', '01:50:46'),
(471, 142.00, 58.00, '2019-02-16', '01:50:50'),
(472, 142.00, 58.00, '2019-02-16', '01:50:53'),
(473, 142.00, 58.00, '2019-02-16', '01:50:56'),
(474, 142.00, 58.00, '2019-02-16', '01:50:59'),
(475, 142.00, 58.00, '2019-02-16', '01:51:02'),
(476, 141.00, 59.00, '2019-02-16', '01:51:05'),
(477, 140.00, 60.00, '2019-02-16', '01:51:08'),
(478, 141.00, 59.00, '2019-02-16', '01:51:12'),
(479, 59.00, 141.00, '2019-02-16', '01:51:15'),
(480, 142.00, 58.00, '2019-02-16', '01:51:18'),
(481, 142.00, 58.00, '2019-02-16', '01:51:21'),
(482, 141.00, 59.00, '2019-02-16', '01:51:24'),
(483, 142.00, 58.00, '2019-02-16', '01:51:28'),
(484, 142.00, 58.00, '2019-02-16', '01:51:31'),
(485, 142.00, 58.00, '2019-02-16', '01:51:34'),
(486, 142.00, 58.00, '2019-02-16', '01:51:37'),
(487, 141.00, 59.00, '2019-02-16', '01:51:40'),
(488, 141.00, 59.00, '2019-02-16', '01:51:43'),
(489, 141.00, 59.00, '2019-02-16', '01:51:46'),
(490, 141.00, 59.00, '2019-02-16', '01:51:49'),
(491, 141.00, 59.00, '2019-02-16', '01:51:52'),
(492, 143.00, 57.00, '2019-02-16', '01:51:56'),
(493, 141.00, 59.00, '2019-02-16', '01:51:59'),
(494, 146.00, 54.00, '2019-02-16', '01:52:02'),
(495, 147.00, 53.00, '2019-02-16', '01:52:05'),
(496, 141.00, 59.00, '2019-02-16', '01:52:08'),
(497, 143.00, 57.00, '2019-02-16', '01:52:11'),
(498, 143.00, 57.00, '2019-02-16', '01:52:14'),
(499, 140.00, 60.00, '2019-02-16', '01:52:18'),
(500, 139.00, 61.00, '2019-02-16', '01:52:21'),
(501, 139.00, 61.00, '2019-02-16', '01:52:24'),
(502, 139.00, 61.00, '2019-02-16', '01:52:27'),
(503, 143.00, 57.00, '2019-02-16', '01:53:11'),
(504, 143.00, 57.00, '2019-02-16', '01:53:14'),
(505, 143.00, 57.00, '2019-02-16', '01:53:17'),
(506, 143.00, 57.00, '2019-02-16', '01:53:21'),
(507, 143.00, 57.00, '2019-02-16', '01:53:24'),
(508, 142.00, 58.00, '2019-02-16', '01:53:27'),
(509, 0.00, 281.00, '2019-02-16', '01:53:35'),
(510, 60.00, 140.00, '2019-02-16', '01:53:52'),
(511, 143.00, 57.00, '2019-02-16', '01:53:55'),
(512, 143.00, 57.00, '2019-02-16', '01:53:58'),
(513, 60.00, 140.00, '2019-02-16', '01:54:01'),
(514, 59.00, 141.00, '2019-02-16', '01:54:04'),
(515, 143.00, 57.00, '2019-02-16', '01:54:07'),
(516, 141.00, 59.00, '2019-02-16', '01:54:10'),
(517, 144.00, 56.00, '2019-02-16', '01:54:14'),
(518, 60.00, 140.00, '2019-02-16', '01:54:17'),
(519, 144.00, 56.00, '2019-02-16', '01:54:20'),
(520, 142.00, 58.00, '2019-02-16', '01:54:23'),
(521, 142.00, 58.00, '2019-02-16', '01:54:26'),
(522, 142.00, 58.00, '2019-02-16', '01:54:29'),
(523, 141.00, 59.00, '2019-02-16', '01:54:32'),
(524, 142.00, 58.00, '2019-02-16', '01:54:36'),
(525, 143.00, 57.00, '2019-02-16', '01:54:39'),
(526, 144.00, 56.00, '2019-02-16', '01:54:42'),
(527, 159.00, 41.00, '2019-02-16', '01:54:48'),
(528, 142.00, 58.00, '2019-02-16', '01:54:51'),
(529, 143.00, 57.00, '2019-02-16', '01:54:55'),
(530, 141.00, 59.00, '2019-02-16', '01:54:58'),
(531, 142.00, 58.00, '2019-02-16', '01:55:01'),
(532, 159.00, 41.00, '2019-02-16', '01:55:07'),
(533, 141.00, 59.00, '2019-02-16', '01:55:10'),
(534, 146.00, 54.00, '2019-02-16', '01:55:13'),
(535, 142.00, 58.00, '2019-02-16', '01:55:16'),
(536, 59.00, 141.00, '2019-02-16', '01:55:19'),
(537, 141.00, 59.00, '2019-02-16', '01:55:22'),
(538, 59.00, 141.00, '2019-02-16', '01:55:28'),
(539, 142.00, 58.00, '2019-02-16', '01:55:31'),
(540, 159.00, 41.00, '2019-02-16', '01:55:34'),
(541, 60.00, 140.00, '2019-02-16', '01:55:37'),
(542, 154.00, 46.00, '2019-02-16', '01:55:41'),
(543, 149.00, 51.00, '2019-02-16', '01:56:35'),
(544, 149.00, 51.00, '2019-02-16', '01:56:38'),
(545, 3.00, 197.00, '2019-02-16', '01:56:42'),
(546, 76.00, 124.00, '2019-02-16', '01:56:47'),
(547, 4.00, 196.00, '2019-02-16', '01:56:52'),
(548, 197.00, 3.00, '2019-02-16', '01:57:03'),
(549, 181.00, 19.00, '2019-02-16', '01:57:14'),
(550, 13.00, 187.00, '2019-02-16', '01:57:19'),
(551, 13.00, 187.00, '2019-02-16', '01:57:24'),
(552, 14.00, 186.00, '2019-02-16', '01:57:29'),
(553, 10.00, 190.00, '2019-02-16', '01:57:41'),
(554, 10.00, 190.00, '2019-02-16', '01:57:47'),
(555, 8.00, 192.00, '2019-02-16', '01:57:55'),
(556, 8.00, 192.00, '2019-02-16', '01:58:02'),
(557, 9.00, 191.00, '2019-02-16', '01:58:10'),
(558, 9.00, 191.00, '2019-02-16', '01:58:16'),
(559, 8.00, 192.00, '2019-02-16', '01:58:25'),
(560, 8.00, 192.00, '2019-02-16', '01:58:32'),
(561, 1.00, 199.00, '2019-02-16', '01:58:40'),
(562, 1.00, 199.00, '2019-02-16', '01:58:43'),
(563, 4.00, 196.00, '2019-02-16', '01:58:47'),
(564, 4.00, 196.00, '2019-02-16', '01:58:52'),
(565, 4.00, 196.00, '2019-02-16', '01:58:57'),
(566, 4.00, 196.00, '2019-02-16', '01:59:02'),
(567, 5.00, 195.00, '2019-02-16', '01:59:07'),
(568, 4.00, 196.00, '2019-02-16', '01:59:13'),
(569, 4.00, 196.00, '2019-02-16', '01:59:25'),
(570, 4.00, 196.00, '2019-02-16', '01:59:31'),
(571, 4.00, 196.00, '2019-02-16', '01:59:39'),
(572, 4.00, 196.00, '2019-02-16', '01:59:46'),
(573, 4.00, 196.00, '2019-02-16', '01:59:54'),
(574, 4.00, 196.00, '2019-02-16', '02:00:01'),
(575, 4.00, 196.00, '2019-02-16', '02:00:09'),
(576, 4.00, 196.00, '2019-02-16', '02:00:16'),
(577, 4.00, 196.00, '2019-02-16', '02:00:25'),
(578, 49.00, 151.00, '2019-02-16', '02:05:08'),
(579, 140.00, 60.00, '2019-02-16', '02:05:13'),
(580, 194.00, 6.00, '2019-02-16', '02:05:25'),
(581, 193.00, 7.00, '2019-02-16', '02:05:35'),
(582, 59.00, 141.00, '2019-02-16', '02:05:40'),
(583, 84.00, 116.00, '2019-02-16', '02:05:45'),
(584, 59.00, 141.00, '2019-02-16', '02:05:50'),
(585, 59.00, 141.00, '2019-02-16', '02:05:55'),
(586, 59.00, 141.00, '2019-02-16', '02:06:00'),
(587, 59.00, 141.00, '2019-02-16', '02:06:05'),
(588, 59.00, 141.00, '2019-02-16', '02:06:10'),
(589, 59.00, 141.00, '2019-02-16', '02:06:15'),
(590, 59.00, 141.00, '2019-02-16', '02:06:20'),
(591, 59.00, 141.00, '2019-02-16', '02:06:26'),
(592, 59.00, 141.00, '2019-02-16', '02:06:32'),
(593, 59.00, 141.00, '2019-02-16', '02:06:35'),
(594, 59.00, 141.00, '2019-02-16', '02:06:39'),
(595, 62.00, 138.00, '2019-02-16', '02:06:42'),
(596, 59.00, 141.00, '2019-02-16', '02:06:45'),
(597, 59.00, 141.00, '2019-02-16', '02:06:48'),
(598, 58.00, 142.00, '2019-02-16', '02:06:51'),
(599, 59.00, 141.00, '2019-02-16', '02:06:55'),
(600, 59.00, 141.00, '2019-02-16', '02:06:58'),
(601, 59.00, 141.00, '2019-02-16', '02:06:59'),
(602, 59.00, 141.00, '2019-02-16', '02:07:02'),
(603, 59.00, 141.00, '2019-02-16', '02:07:05'),
(604, 59.00, 141.00, '2019-02-16', '02:07:09'),
(605, 194.00, 6.00, '2019-02-16', '02:07:19'),
(606, 59.00, 141.00, '2019-02-16', '02:07:22'),
(607, 98.00, 102.00, '2019-02-16', '11:03:08'),
(608, 92.00, 108.00, '2019-02-16', '11:03:13'),
(609, 93.00, 107.00, '2019-02-16', '11:03:19'),
(610, 93.00, 107.00, '2019-02-16', '11:03:25'),
(611, 154.00, 46.00, '2019-02-16', '11:03:30'),
(612, 92.00, 108.00, '2019-02-16', '11:03:36'),
(613, 93.00, 107.00, '2019-02-16', '11:03:41'),
(614, 92.00, 108.00, '2019-02-16', '11:03:46'),
(615, 92.00, 108.00, '2019-02-16', '11:03:52'),
(616, 159.00, 41.00, '2019-02-16', '11:04:00'),
(617, 190.00, 10.00, '2019-02-16', '11:04:20'),
(618, 190.00, 10.00, '2019-02-16', '11:04:31'),
(619, 92.00, 108.00, '2019-02-16', '11:04:38'),
(620, 92.00, 108.00, '2019-02-16', '11:04:43'),
(621, 92.00, 108.00, '2019-02-16', '11:04:53'),
(622, 92.00, 108.00, '2019-02-16', '11:05:00'),
(623, 92.00, 108.00, '2019-02-16', '11:05:05'),
(624, 92.00, 108.00, '2019-02-16', '11:05:13'),
(625, 92.00, 108.00, '2019-02-16', '11:05:17'),
(626, 92.00, 108.00, '2019-02-16', '11:05:20'),
(627, 92.00, 108.00, '2019-02-16', '11:05:23'),
(628, 92.00, 108.00, '2019-02-16', '11:05:25'),
(629, 92.00, 108.00, '2019-02-16', '11:05:29'),
(630, 161.00, 39.00, '2019-02-16', '11:05:33'),
(631, 92.00, 108.00, '2019-02-16', '11:05:36'),
(632, 92.00, 108.00, '2019-02-16', '11:05:39'),
(633, 92.00, 108.00, '2019-02-16', '11:05:46'),
(634, 92.00, 108.00, '2019-02-16', '11:05:49'),
(635, 92.00, 108.00, '2019-02-16', '11:05:53'),
(636, 92.00, 108.00, '2019-02-16', '11:05:56'),
(637, 92.00, 108.00, '2019-02-16', '11:06:00'),
(638, 92.00, 108.00, '2019-02-16', '11:06:03'),
(639, 92.00, 108.00, '2019-02-16', '11:06:06'),
(640, 92.00, 108.00, '2019-02-16', '11:06:10'),
(641, 92.00, 108.00, '2019-02-16', '11:06:14'),
(642, 92.00, 108.00, '2019-02-16', '11:06:18'),
(643, 92.00, 108.00, '2019-02-16', '11:06:21'),
(644, 92.00, 108.00, '2019-02-16', '11:06:28'),
(645, 92.00, 108.00, '2019-02-16', '11:06:32'),
(646, 92.00, 108.00, '2019-02-16', '11:06:36'),
(647, 92.00, 108.00, '2019-02-16', '11:06:39'),
(648, 92.00, 108.00, '2019-02-16', '11:06:42'),
(649, 92.00, 108.00, '2019-02-16', '11:06:49'),
(650, 92.00, 108.00, '2019-02-16', '11:06:53'),
(651, 93.00, 107.00, '2019-02-16', '11:06:56'),
(652, 92.00, 108.00, '2019-02-16', '11:06:59'),
(653, 91.00, 109.00, '2019-02-16', '11:07:03'),
(654, 0.00, 1514.00, '2019-02-16', '11:07:13'),
(655, 187.00, 13.00, '2019-02-16', '11:07:28'),
(656, 93.00, 107.00, '2019-02-16', '11:07:32'),
(657, 92.00, 108.00, '2019-02-16', '11:07:38'),
(658, 186.00, 14.00, '2019-02-16', '11:07:50'),
(659, 93.00, 107.00, '2019-02-16', '11:07:55'),
(660, 93.00, 107.00, '2019-02-16', '11:08:01'),
(661, 93.00, 107.00, '2019-02-16', '11:08:07'),
(662, 93.00, 107.00, '2019-02-16', '11:08:12'),
(663, 93.00, 107.00, '2019-02-16', '11:08:18'),
(664, 93.00, 107.00, '2019-02-16', '11:08:27'),
(665, 93.00, 107.00, '2019-02-16', '11:08:34'),
(666, 93.00, 107.00, '2019-02-16', '11:08:41'),
(667, 93.00, 107.00, '2019-02-16', '11:08:47'),
(668, 93.00, 107.00, '2019-02-16', '11:08:53'),
(669, 93.00, 107.00, '2019-02-16', '11:08:59'),
(670, 93.00, 107.00, '2019-02-16', '11:09:05'),
(671, 93.00, 107.00, '2019-02-16', '11:09:11'),
(672, 93.00, 107.00, '2019-02-16', '11:09:16'),
(673, 93.00, 107.00, '2019-02-16', '11:09:22'),
(674, 93.00, 107.00, '2019-02-16', '11:09:28'),
(675, 94.00, 106.00, '2019-02-16', '11:09:33'),
(676, 93.00, 107.00, '2019-02-16', '11:09:39'),
(677, 93.00, 107.00, '2019-02-16', '11:09:45'),
(678, 93.00, 107.00, '2019-02-16', '11:09:50'),
(679, 93.00, 107.00, '2019-02-16', '11:09:59'),
(680, 93.00, 107.00, '2019-02-16', '11:10:07'),
(681, 93.00, 107.00, '2019-02-16', '11:10:13'),
(682, 93.00, 107.00, '2019-02-16', '11:10:18'),
(683, 93.00, 107.00, '2019-02-16', '11:10:25'),
(684, 161.00, 39.00, '2019-02-16', '11:10:32'),
(685, 93.00, 107.00, '2019-02-16', '11:10:41'),
(686, 93.00, 107.00, '2019-02-16', '11:10:47'),
(687, 93.00, 107.00, '2019-02-16', '11:10:56'),
(688, 93.00, 107.00, '2019-02-16', '11:11:02'),
(689, 93.00, 107.00, '2019-02-16', '11:11:09'),
(690, 93.00, 107.00, '2019-02-16', '11:11:15'),
(691, 111.00, 89.00, '2019-02-16', '11:11:20'),
(692, 93.00, 107.00, '2019-02-16', '11:11:25'),
(693, 93.00, 107.00, '2019-02-16', '11:11:32'),
(694, 160.00, 40.00, '2019-02-16', '11:11:38'),
(695, 93.00, 107.00, '2019-02-16', '11:11:44'),
(696, 171.00, 29.00, '2019-02-16', '11:11:57'),
(697, 90.00, 110.00, '2019-02-16', '11:12:01'),
(698, 93.00, 107.00, '2019-02-16', '11:12:06'),
(699, 93.00, 107.00, '2019-02-16', '11:12:12'),
(700, 93.00, 107.00, '2019-02-16', '11:12:17'),
(701, 93.00, 107.00, '2019-02-16', '11:12:23'),
(702, 92.00, 108.00, '2019-02-16', '11:12:29'),
(703, 92.00, 108.00, '2019-02-16', '11:12:35'),
(704, 92.00, 108.00, '2019-02-16', '11:12:42'),
(705, 92.00, 108.00, '2019-02-16', '11:12:47'),
(706, 92.00, 108.00, '2019-02-16', '11:12:53'),
(707, 92.00, 108.00, '2019-02-16', '11:12:59'),
(708, 92.00, 108.00, '2019-02-16', '11:13:06'),
(709, 92.00, 108.00, '2019-02-16', '11:13:11'),
(710, 92.00, 108.00, '2019-02-16', '11:13:17'),
(711, 92.00, 108.00, '2019-02-16', '11:13:23'),
(712, 93.00, 107.00, '2019-02-16', '11:13:29'),
(713, 92.00, 108.00, '2019-02-16', '11:13:35');

--
-- Indexes for dumped tables
--

--
-- Indexes for table `analysis`
--
ALTER TABLE `analysis`
  ADD PRIMARY KEY (`id`);

--
-- Indexes for table `notiline`
--
ALTER TABLE `notiline`
  ADD PRIMARY KEY (`id`) USING BTREE;

--
-- Indexes for table `process_statuses_old`
--
ALTER TABLE `process_statuses_old`
  ADD PRIMARY KEY (`id`),
  ADD KEY `process_statuses_idusers_foreign` (`idUsers`),
  ADD KEY `process_statuses_idpumps_foreign` (`idPumps`),
  ADD KEY `process_statuses_idstatus_foreign` (`idStatus`),
  ADD KEY `process_statuses_idwaters_foreign` (`idWaters`);

--
-- Indexes for table `pumps`
--
ALTER TABLE `pumps`
  ADD PRIMARY KEY (`id`);

--
-- Indexes for table `report`
--
ALTER TABLE `report`
  ADD PRIMARY KEY (`id`);

--
-- Indexes for table `save`
--
ALTER TABLE `save`
  ADD PRIMARY KEY (`id`);

--
-- Indexes for table `statuses`
--
ALTER TABLE `statuses`
  ADD PRIMARY KEY (`id`);

--
-- Indexes for table `test`
--
ALTER TABLE `test`
  ADD PRIMARY KEY (`id`);

--
-- Indexes for table `users`
--
ALTER TABLE `users`
  ADD PRIMARY KEY (`id`),
  ADD UNIQUE KEY `users_api_token_unique` (`api_token`);

--
-- Indexes for table `user_activities`
--
ALTER TABLE `user_activities`
  ADD PRIMARY KEY (`id`),
  ADD KEY `user_activities_idusers_foreign` (`idUsers`);

--
-- Indexes for table `waters`
--
ALTER TABLE `waters`
  ADD PRIMARY KEY (`id`);

--
-- AUTO_INCREMENT for dumped tables
--

--
-- AUTO_INCREMENT for table `analysis`
--
ALTER TABLE `analysis`
  MODIFY `id` int(11) NOT NULL AUTO_INCREMENT, AUTO_INCREMENT=33;

--
-- AUTO_INCREMENT for table `notiline`
--
ALTER TABLE `notiline`
  MODIFY `id` int(11) NOT NULL AUTO_INCREMENT, AUTO_INCREMENT=746;

--
-- AUTO_INCREMENT for table `process_statuses_old`
--
ALTER TABLE `process_statuses_old`
  MODIFY `id` int(10) UNSIGNED NOT NULL AUTO_INCREMENT;

--
-- AUTO_INCREMENT for table `pumps`
--
ALTER TABLE `pumps`
  MODIFY `id` int(10) UNSIGNED NOT NULL AUTO_INCREMENT, AUTO_INCREMENT=2;

--
-- AUTO_INCREMENT for table `report`
--
ALTER TABLE `report`
  MODIFY `id` int(10) NOT NULL AUTO_INCREMENT, AUTO_INCREMENT=1284;

--
-- AUTO_INCREMENT for table `save`
--
ALTER TABLE `save`
  MODIFY `id` int(11) NOT NULL AUTO_INCREMENT;

--
-- AUTO_INCREMENT for table `statuses`
--
ALTER TABLE `statuses`
  MODIFY `id` int(10) UNSIGNED NOT NULL AUTO_INCREMENT, AUTO_INCREMENT=512;

--
-- AUTO_INCREMENT for table `test`
--
ALTER TABLE `test`
  MODIFY `id` int(11) NOT NULL AUTO_INCREMENT, AUTO_INCREMENT=200;

--
-- AUTO_INCREMENT for table `users`
--
ALTER TABLE `users`
  MODIFY `id` int(10) UNSIGNED NOT NULL AUTO_INCREMENT, AUTO_INCREMENT=68;

--
-- AUTO_INCREMENT for table `user_activities`
--
ALTER TABLE `user_activities`
  MODIFY `id` int(10) UNSIGNED NOT NULL AUTO_INCREMENT, AUTO_INCREMENT=29;

--
-- AUTO_INCREMENT for table `waters`
--
ALTER TABLE `waters`
  MODIFY `id` int(10) UNSIGNED NOT NULL AUTO_INCREMENT, AUTO_INCREMENT=714;

--
-- Constraints for dumped tables
--

--
-- Constraints for table `process_statuses_old`
--
ALTER TABLE `process_statuses_old`
  ADD CONSTRAINT `process_statuses_idpumps_foreign` FOREIGN KEY (`idPumps`) REFERENCES `pumps` (`id`) ON DELETE CASCADE ON UPDATE CASCADE,
  ADD CONSTRAINT `process_statuses_idstatus_foreign` FOREIGN KEY (`idStatus`) REFERENCES `statuses` (`id`) ON DELETE CASCADE ON UPDATE CASCADE,
  ADD CONSTRAINT `process_statuses_idusers_foreign` FOREIGN KEY (`idUsers`) REFERENCES `users` (`id`) ON DELETE CASCADE ON UPDATE CASCADE,
  ADD CONSTRAINT `process_statuses_idwaters_foreign` FOREIGN KEY (`idWaters`) REFERENCES `waters` (`id`) ON DELETE CASCADE ON UPDATE CASCADE;

--
-- Constraints for table `user_activities`
--
ALTER TABLE `user_activities`
  ADD CONSTRAINT `user_activities_idusers_foreign` FOREIGN KEY (`idUsers`) REFERENCES `users` (`id`);

DELIMITER $$
--
-- Events
--
CREATE DEFINER=`root`@`localhost` EVENT `delete_status` ON SCHEDULE EVERY 1 YEAR STARTS '2019-02-12 01:00:00' ON COMPLETION NOT PRESERVE ENABLE DO DELETE FROM statuses$$

DELIMITER ;
COMMIT;

/*!40101 SET CHARACTER_SET_CLIENT=@OLD_CHARACTER_SET_CLIENT */;
/*!40101 SET CHARACTER_SET_RESULTS=@OLD_CHARACTER_SET_RESULTS */;
/*!40101 SET COLLATION_CONNECTION=@OLD_COLLATION_CONNECTION */;
