-- phpMyAdmin SQL Dump
-- version 4.8.0.1
-- https://www.phpmyadmin.net/
--
-- Host: 127.0.0.1
-- Generation Time: Feb 11, 2019 at 10:11 PM
-- Server version: 10.1.32-MariaDB
-- PHP Version: 7.2.5

SET SQL_MODE = "NO_AUTO_VALUE_ON_ZERO";
SET AUTOCOMMIT = 0;
START TRANSACTION;
SET time_zone = "+00:00";


/*!40101 SET @OLD_CHARACTER_SET_CLIENT=@@CHARACTER_SET_CLIENT */;
/*!40101 SET @OLD_CHARACTER_SET_RESULTS=@@CHARACTER_SET_RESULTS */;
/*!40101 SET @OLD_COLLATION_CONNECTION=@@COLLATION_CONNECTION */;
/*!40101 SET NAMES utf8mb4 */;

--
-- Database: `myprojectphp`
--

-- --------------------------------------------------------

--
-- Table structure for table `analysis`
--

CREATE TABLE `analysis` (
  `id` int(11) NOT NULL,
  `total` int(11) NOT NULL,
  `misstake` varchar(50) NOT NULL,
  `start_date` date NOT NULL,
  `end_date` date NOT NULL,
  `start_time` time NOT NULL,
  `end_time` time NOT NULL
) ENGINE=InnoDB DEFAULT CHARSET=utf8;

--
-- Dumping data for table `analysis`
--

INSERT INTO `analysis` (`id`, `total`, `misstake`, `start_date`, `end_date`, `start_time`, `end_time`) VALUES
(1, 188, 'ระดับน้ำผิดปกติ', '2019-02-11', '2019-02-11', '22:18:59', '22:18:59'),
(2, 53, 'ระดับน้ำผิดปกติ', '2019-02-12', '2019-02-12', '03:12:19', '03:12:19'),
(3, 83, 'ระดับน้ำผิดปกติ', '2019-02-12', '2019-02-12', '03:13:22', '03:13:22'),
(4, 81, 'ระดับน้ำผิดปกติ', '2019-02-12', '2019-02-12', '03:15:29', '03:15:29'),
(5, 135, 'ระดับน้ำผิดปกติ', '2019-02-12', '2019-02-12', '03:18:47', '03:18:47'),
(6, 74, 'ระดับน้ำผิดปกติ', '2019-02-12', '2019-02-12', '03:21:56', '03:21:56'),
(7, 57, 'ระดับน้ำผิดปกติ', '2019-02-12', '2019-02-12', '03:23:12', '03:23:12'),
(8, 80, 'ระดับน้ำผิดปกติ', '2019-02-12', '2019-02-12', '03:37:51', '03:37:51'),
(9, 177, 'ระดับน้ำผิดปกติ', '2019-02-12', '2019-02-12', '03:39:23', '03:39:23'),
(10, 141, 'ระดับน้ำผิดปกติ', '2019-02-12', '2019-02-12', '03:41:29', '03:41:29'),
(11, 79, 'ระดับน้ำผิดปกติ', '2019-02-12', '2019-02-12', '03:43:37', '03:43:37'),
(12, 86, 'ระดับน้ำผิดปกติ', '2019-02-12', '2019-02-12', '03:48:51', '03:48:51');

-- --------------------------------------------------------

--
-- Table structure for table `notiline`
--

CREATE TABLE `notiline` (
  `id` int(11) NOT NULL,
  `sensor` double(6,2) NOT NULL,
  `status_water` varchar(50) NOT NULL,
  `date` date NOT NULL,
  `time` time NOT NULL
) ENGINE=InnoDB DEFAULT CHARSET=utf8;

--
-- Dumping data for table `notiline`
--

INSERT INTO `notiline` (`id`, `sensor`, `status_water`, `date`, `time`) VALUES
(459, 8.00, 'ระดับสูงขึ้น', '2019-01-17', '17:07:00'),
(485, 0.00, '$message', '2019-01-18', '22:54:03'),
(486, 3.00, 'ระดับสูงขึ้น', '2019-01-18', '23:13:25'),
(487, 3.00, 'ระดับสูงขึ้น', '2019-01-18', '23:13:28'),
(488, 3.00, 'ระดับสูงขึ้น', '2019-01-18', '23:13:34'),
(489, 3.00, 'ระดับสูงขึ้น', '2019-01-18', '23:13:36'),
(490, 3.00, 'ระดับสูงขึ้น', '2019-01-18', '23:13:36'),
(491, 3.00, 'ระดับสูงขึ้น', '2019-01-18', '23:13:40'),
(492, 3.00, 'ระดับสูงขึ้น', '2019-01-18', '23:13:46'),
(493, 3.00, 'ระดับสูงขึ้น', '2019-01-18', '23:13:46'),
(494, 3.00, 'ระดับสูงขึ้น', '2019-01-18', '23:13:53'),
(495, 3.00, 'ระดับสูงขึ้น', '2019-01-18', '23:13:57'),
(496, 3.00, 'ระดับสูงขึ้น', '2019-01-18', '23:13:59'),
(497, 3.00, 'ระดับสูงขึ้น', '2019-01-18', '23:14:05'),
(498, 3.00, 'ระดับสูงขึ้น', '2019-01-18', '23:14:08'),
(499, 3.00, 'ระดับสูงขึ้น', '2019-01-18', '23:14:11'),
(500, 3.00, 'ระดับสูงขึ้น', '2019-01-18', '23:14:17'),
(501, 3.00, 'ระดับสูงขึ้น', '2019-01-18', '23:14:19'),
(502, 3.00, 'ระดับสูงขึ้น', '2019-01-18', '23:14:24'),
(503, 3.00, 'ระดับสูงขึ้น', '2019-01-18', '23:14:30'),
(504, 3.00, 'ระดับสูงขึ้น', '2019-01-18', '23:14:30'),
(505, 3.00, 'ระดับสูงขึ้น', '2019-01-18', '23:14:36'),
(506, 3.00, 'ระดับสูงขึ้น', '2019-01-18', '23:14:41'),
(507, 3.00, 'ระดับสูงขึ้น', '2019-01-18', '23:14:42'),
(508, 3.00, 'ระดับสูงขึ้น', '2019-01-18', '23:14:48'),
(509, 3.00, 'ระดับสูงขึ้น', '2019-01-18', '23:14:54'),
(510, 3.00, 'ระดับสูงขึ้น', '2019-01-18', '23:15:00'),
(511, 3.00, 'ระดับสูงขึ้น', '2019-01-18', '23:15:51'),
(512, 3.00, 'ระดับสูงขึ้น', '2019-01-18', '23:15:57'),
(513, 3.00, 'ระดับสูงขึ้น', '2019-01-18', '23:16:03'),
(514, 3.00, 'ระดับสูงขึ้น', '2019-01-18', '23:16:10'),
(515, 3.00, 'ระดับสูงขึ้น', '2019-01-18', '23:16:16'),
(516, 3.00, 'ระดับสูงขึ้น', '2019-01-18', '23:16:22'),
(517, 3.00, 'ระดับสูงขึ้น', '2019-01-18', '23:16:28'),
(518, 3.00, 'ระดับสูงขึ้น', '2019-01-18', '23:16:34'),
(519, 3.00, 'ระดับสูงขึ้น', '2019-01-18', '23:16:41'),
(520, 3.00, 'ระดับสูงขึ้น', '2019-01-18', '23:16:47'),
(521, 3.00, 'ระดับสูงขึ้น', '2019-01-18', '23:16:53'),
(522, 3.00, 'ระดับสูงขึ้น', '2019-01-18', '23:17:00'),
(523, 3.00, 'ระดับสูงขึ้น', '2019-01-18', '23:17:06'),
(524, 3.00, 'ระดับสูงขึ้น', '2019-01-18', '23:17:13'),
(525, 3.00, 'ระดับสูงขึ้น', '2019-01-18', '23:17:19'),
(526, 3.00, 'ระดับสูงขึ้น', '2019-01-18', '23:17:25'),
(527, 3.00, 'ระดับสูงขึ้น', '2019-01-18', '23:17:32'),
(528, 3.00, 'ระดับสูงขึ้น', '2019-01-18', '23:17:38'),
(529, 4.00, 'ระดับสูงขึ้น', '2019-01-19', '00:06:36'),
(530, 4.00, 'ระดับสูงขึ้น', '2019-01-19', '00:06:42'),
(531, 63.00, 'ระดับสูงขึ้น', '2019-01-19', '00:06:48'),
(532, 61.00, 'ระดับสูงขึ้น', '2019-01-19', '00:06:55'),
(533, 62.00, 'ระดับสูงขึ้น', '2019-01-19', '00:07:01'),
(534, 128.00, 'ระดับสูงขึ้น', '2019-01-19', '00:07:14'),
(535, 142.00, 'ระดับสูงขึ้น', '2019-01-19', '00:07:33'),
(536, 20.00, 'ระดับสูงขึ้น', '2019-01-19', '00:07:39'),
(537, 138.00, 'ระดับสูงขึ้น', '2019-01-19', '00:08:04'),
(538, 38.00, 'ระดับสูงขึ้น', '2019-02-08', '04:06:17'),
(539, 70.00, 'ระดับน้ำผิดปกติสูงขึ้น', '2019-02-08', '04:11:44'),
(540, 69.00, 'ระดับน้ำผิดปกติสูงขึ้น', '2019-02-08', '04:12:00'),
(541, 69.00, 'ระดับน้ำผิดปกติสูงขึ้น', '2019-02-08', '04:12:16'),
(542, 76.00, 'ระดับน้ำผิดปกติสูงขึ้น', '2019-02-08', '04:14:17'),
(543, 65.00, 'ระดับน้ำผิดปกติสูงขึ้น', '2019-02-08', '04:14:39'),
(544, 59.00, 'ระดับน้ำผิดปกติสูงขึ้น', '2019-02-08', '04:14:55'),
(545, 70.00, 'ระดับน้ำผิดปกติสูงขึ้น', '2019-02-08', '04:15:11'),
(546, 78.00, 'ระดับน้ำผิดปกติสูงขึ้น', '2019-02-08', '04:15:27'),
(547, 79.00, 'ระดับน้ำผิดปกติสูงขึ้น', '2019-02-08', '04:15:42'),
(548, 56.00, 'ระดับน้ำผิดปกติสูงขึ้น', '2019-02-08', '04:15:58'),
(549, 56.00, 'ระดับน้ำผิดปกติสูงขึ้น', '2019-02-08', '04:16:14'),
(550, 71.00, 'ระดับน้ำผิดปกติสูงขึ้น', '2019-02-08', '04:16:30'),
(551, 50.00, 'ระดับน้ำผิดปกติสูงขึ้น', '2019-02-08', '04:16:45'),
(552, 32.00, 'ระดับน้ำผิดปกติสูงขึ้น', '2019-02-08', '04:17:01'),
(553, 73.00, 'ระดับน้ำผิดปกติสูงขึ้น', '2019-02-08', '04:17:17'),
(554, 71.00, 'ระดับน้ำผิดปกติสูงขึ้น', '2019-02-08', '04:17:32'),
(555, 86.00, 'ระดับน้ำผิดปกติสูงขึ้น', '2019-02-08', '04:17:48'),
(556, 99.00, 'ระดับน้ำผิดปกติสูงขึ้น', '2019-02-08', '04:19:11'),
(557, 69.00, 'ระดับน้ำผิดปกติสูงขึ้น', '2019-02-08', '04:19:33'),
(558, 68.00, 'ระดับน้ำผิดปกติสูงขึ้น', '2019-02-08', '04:19:49'),
(559, 77.00, 'ระดับน้ำผิดปกติสูงขึ้น', '2019-02-08', '04:20:04'),
(560, 80.00, 'ระดับน้ำผิดปกติสูงขึ้น', '2019-02-08', '04:20:20'),
(561, 80.00, 'ระดับน้ำผิดปกติสูงขึ้น', '2019-02-08', '04:20:36'),
(562, 30.00, 'ระดับน้ำผิดปกติสูงขึ้น', '2019-02-08', '04:38:47'),
(563, 22.00, 'ระดับน้ำผิดปกติสูงขึ้น', '2019-02-08', '04:39:11'),
(564, 26.00, 'ระดับน้ำผิดปกติสูงขึ้น', '2019-02-08', '04:39:34'),
(565, 27.00, 'ระดับน้ำผิดปกติสูงขึ้น', '2019-02-08', '04:45:00'),
(566, 28.00, 'ระดับน้ำผิดปกติสูงขึ้น', '2019-02-08', '04:45:22'),
(567, 21.00, 'ระดับน้ำผิดปกติสูงขึ้น', '2019-02-08', '04:46:04'),
(568, 20.00, 'ระดับน้ำผิดปกติสูงขึ้น', '2019-02-08', '04:46:26'),
(569, 21.00, 'ระดับน้ำผิดปกติสูงขึ้น', '2019-02-08', '04:46:42'),
(570, 21.00, 'ระดับน้ำผิดปกติสูงขึ้น', '2019-02-08', '04:46:57'),
(571, 21.00, 'ระดับน้ำผิดปกติสูงขึ้น', '2019-02-08', '04:47:13'),
(572, 26.00, 'ระดับน้ำผิดปกติสูงขึ้น', '2019-02-08', '05:03:13'),
(573, 26.00, 'ระดับน้ำผิดปกติสูงขึ้น', '2019-02-08', '05:03:35'),
(574, 23.00, 'ระดับน้ำผิดปกติสูงขึ้น', '2019-02-08', '05:03:51'),
(575, 21.00, 'ระดับน้ำผิดปกติสูงขึ้น', '2019-02-08', '05:04:06'),
(576, 30.00, 'ระดับน้ำผิดปกติสูงขึ้น', '2019-02-08', '05:47:58'),
(577, 8.00, 'ระดับน้ำผิดปกติสูงขึ้น', '2019-02-08', '05:55:04'),
(578, 4.00, 'ระดับน้ำผิดปกติสูงขึ้น', '2019-02-08', '05:55:54'),
(579, 5.00, 'ระดับน้ำผิดปกติสูงขึ้น', '2019-02-08', '05:56:10'),
(580, 9.00, 'ระดับน้ำผิดปกติสูงขึ้น', '2019-02-08', '05:58:44'),
(581, 53.00, 'ระดับน้ำผิดปกติสูงขึ้น', '2019-02-08', '06:07:25'),
(582, 53.00, 'ระดับน้ำผิดปกติสูงขึ้น', '2019-02-08', '06:07:39'),
(583, 1810.00, 'ระดับน้ำผิดปกติสูงขึ้น', '2019-02-08', '06:07:52'),
(584, 272.00, 'ระดับน้ำผิดปกติสูงขึ้น', '2019-02-08', '06:08:09'),
(585, 92.00, 'ระดับน้ำผิดปกติสูงขึ้น', '2019-02-08', '06:08:23'),
(586, 73.00, 'ระดับน้ำผิดปกติสูงขึ้น', '2019-02-08', '06:08:36'),
(587, 66.00, 'ระดับน้ำผิดปกติสูงขึ้น', '2019-02-08', '06:08:50'),
(588, 63.00, 'ระดับน้ำผิดปกติสูงขึ้น', '2019-02-08', '06:09:04'),
(589, 61.00, 'ระดับน้ำผิดปกติสูงขึ้น', '2019-02-08', '06:09:17'),
(590, 61.00, 'ระดับน้ำผิดปกติสูงขึ้น', '2019-02-08', '06:09:31'),
(591, 55.00, 'ระดับน้ำผิดปกติสูงขึ้น', '2019-02-08', '06:09:45'),
(592, 9.00, 'ระดับน้ำผิดปกติสูงขึ้น', '2019-02-08', '06:10:52'),
(593, 40.00, 'ระดับน้ำผิดปกติสูงขึ้น', '2019-02-08', '06:11:56'),
(594, 34.00, 'ระดับน้ำผิดปกติสูงขึ้น', '2019-02-08', '06:12:09'),
(595, 79.00, 'ระดับน้ำผิดปกติสูงขึ้น', '2019-02-08', '06:12:23'),
(596, 84.00, 'ระดับน้ำผิดปกติสูงขึ้น', '2019-02-08', '06:12:37'),
(597, 38.00, 'ระดับน้ำผิดปกติสูงขึ้น', '2019-02-08', '06:12:51'),
(598, 39.00, 'ระดับน้ำผิดปกติสูงขึ้น', '2019-02-08', '06:13:05'),
(599, 62.00, 'ระดับน้ำผิดปกติสูงขึ้น', '2019-02-08', '13:31:03'),
(600, 73.00, 'ระดับน้ำผิดปกติสูงขึ้น', '2019-02-08', '13:31:16'),
(601, 166.00, 'ระดับน้ำผิดปกติสูงขึ้น', '2019-02-08', '13:31:30'),
(602, 94.00, 'ระดับน้ำผิดปกติสูงขึ้น', '2019-02-08', '13:31:44'),
(603, 60.00, 'ระดับน้ำผิดปกติสูงขึ้น', '2019-02-08', '14:35:12'),
(604, 68.00, 'ระดับน้ำผิดปกติสูงขึ้น', '2019-02-08', '14:35:34'),
(605, 63.00, 'ระดับน้ำผิดปกติสูงขึ้น', '2019-02-08', '14:35:56'),
(606, 61.00, 'ระดับน้ำผิดปกติสูงขึ้น', '2019-02-08', '14:36:17'),
(607, 67.00, 'ระดับน้ำผิดปกติสูงขึ้น', '2019-02-08', '14:36:39'),
(608, 63.00, 'ระดับน้ำผิดปกติสูงขึ้น', '2019-02-08', '14:37:01'),
(609, 65.00, 'ระดับน้ำผิดปกติสูงขึ้น', '2019-02-08', '14:37:23'),
(610, 68.00, 'ระดับน้ำผิดปกติสูงขึ้น', '2019-02-08', '14:37:45'),
(611, 66.00, 'ระดับน้ำผิดปกติสูงขึ้น', '2019-02-08', '14:38:07'),
(612, 66.00, 'ระดับน้ำผิดปกติสูงขึ้น', '2019-02-08', '14:38:29'),
(613, 9.00, 'ระดับน้ำผิดปกติสูงขึ้น', '2019-02-08', '15:14:20'),
(614, 10.00, 'ระดับน้ำผิดปกติสูงขึ้น', '2019-02-08', '15:14:39'),
(615, 18.00, 'ระดับน้ำผิดปกติสูงขึ้น', '2019-02-08', '18:22:49'),
(616, 18.00, 'ระดับน้ำผิดปกติสูงขึ้น', '2019-02-08', '18:23:15'),
(617, 29.00, 'ระดับน้ำผิดปกติสูงขึ้น', '2019-02-08', '18:23:49'),
(618, 18.00, 'ระดับน้ำผิดปกติสูงขึ้น', '2019-02-08', '18:24:15'),
(619, 23.00, 'ระดับน้ำผิดปกติสูงขึ้น', '2019-02-08', '18:24:40'),
(620, 22.00, 'ระดับน้ำผิดปกติสูงขึ้น', '2019-02-08', '18:25:06'),
(621, 20.00, 'ระดับน้ำผิดปกติสูงขึ้น', '2019-02-08', '18:25:35'),
(622, 18.00, 'ระดับน้ำผิดปกติสูงขึ้น', '2019-02-08', '18:26:01'),
(623, 19.00, 'ระดับน้ำผิดปกติสูงขึ้น', '2019-02-08', '18:26:27'),
(624, 21.00, 'ระดับน้ำผิดปกติสูงขึ้น', '2019-02-08', '18:26:53'),
(625, 22.00, 'ระดับน้ำผิดปกติสูงขึ้น', '2019-02-08', '18:27:19'),
(626, 22.00, 'ระดับน้ำผิดปกติสูงขึ้น', '2019-02-08', '18:28:24'),
(627, 20.00, 'ระดับน้ำผิดปกติสูงขึ้น', '2019-02-08', '18:28:48'),
(628, 21.00, 'ระดับน้ำผิดปกติสูงขึ้น', '2019-02-08', '18:29:12'),
(629, 21.00, 'ระดับน้ำผิดปกติสูงขึ้น', '2019-02-08', '18:29:36'),
(630, 18.00, 'ระดับน้ำผิดปกติสูงขึ้น', '2019-02-08', '18:35:54'),
(631, 17.00, 'ระดับน้ำผิดปกติสูงขึ้น', '2019-02-08', '18:36:16'),
(632, 16.00, 'ระดับน้ำผิดปกติสูงขึ้น', '2019-02-08', '18:36:37'),
(633, 7.00, 'ระดับน้ำผิดปกติสูงขึ้น', '2019-02-08', '18:36:58'),
(634, 8.00, 'ระดับน้ำผิดปกติสูงขึ้น', '2019-02-08', '18:37:20'),
(635, 8.00, 'ระดับน้ำผิดปกติสูงขึ้น', '2019-02-08', '18:37:41'),
(636, 8.00, 'ระดับน้ำผิดปกติสูงขึ้น', '2019-02-08', '18:38:40'),
(637, 8.00, 'ระดับน้ำผิดปกติสูงขึ้น', '2019-02-08', '18:38:53'),
(638, 25.00, 'ระดับน้ำผิดปกติสูงขึ้น', '2019-02-08', '18:40:32'),
(639, 25.00, 'ระดับน้ำผิดปกติสูงขึ้น', '2019-02-08', '18:40:46'),
(640, 26.00, 'ระดับน้ำผิดปกติสูงขึ้น', '2019-02-08', '18:41:00'),
(641, 25.00, 'ระดับน้ำผิดปกติสูงขึ้น', '2019-02-08', '18:41:13'),
(642, 26.00, 'ระดับน้ำผิดปกติสูงขึ้น', '2019-02-08', '18:41:27'),
(643, 27.00, 'ระดับน้ำผิดปกติสูงขึ้น', '2019-02-08', '18:41:40'),
(644, 28.00, 'ระดับน้ำผิดปกติสูงขึ้น', '2019-02-08', '18:41:53'),
(645, 21.00, 'ระดับน้ำผิดปกติสูงขึ้น', '2019-02-08', '18:42:07'),
(646, 21.00, 'ระดับน้ำผิดปกติสูงขึ้น', '2019-02-08', '18:42:44'),
(647, 8.00, 'ระดับน้ำผิดปกติสูงขึ้น', '2019-02-08', '18:44:25'),
(648, 8.00, 'ระดับน้ำผิดปกติสูงขึ้น', '2019-02-08', '18:44:35'),
(649, 7.00, 'ระดับน้ำผิดปกติสูงขึ้น', '2019-02-08', '18:44:46'),
(650, 24.00, 'ระดับน้ำผิดปกติสูงขึ้น', '2019-02-08', '18:44:56'),
(651, 23.00, 'ระดับน้ำผิดปกติสูงขึ้น', '2019-02-08', '18:45:06'),
(652, 29.00, 'ระดับน้ำผิดปกติสูงขึ้น', '2019-02-08', '19:04:03'),
(653, 29.00, 'ระดับน้ำผิดปกติสูงขึ้น', '2019-02-08', '19:04:17'),
(654, 21.00, 'ระดับน้ำผิดปกติสูงขึ้น', '2019-02-08', '19:04:38'),
(655, 15.00, 'ระดับน้ำผิดปกติสูงขึ้น', '2019-02-08', '19:12:25'),
(656, 16.00, 'ระดับน้ำผิดปกติสูงขึ้น', '2019-02-08', '19:12:39'),
(657, 16.00, 'ระดับน้ำผิดปกติสูงขึ้น', '2019-02-08', '19:12:52'),
(658, 23.00, 'ระดับน้ำผิดปกติสูงขึ้น', '2019-02-08', '19:13:06'),
(659, 9.00, 'ระดับน้ำผิดปกติสูงขึ้น', '2019-02-08', '19:21:54'),
(660, 8.00, 'ระดับน้ำผิดปกติสูงขึ้น', '2019-02-08', '19:22:08'),
(661, 13.00, 'ระดับน้ำผิดปกติสูงขึ้น', '2019-02-08', '19:22:26'),
(662, 12.00, 'ระดับน้ำผิดปกติสูงขึ้น', '2019-02-08', '19:22:42'),
(663, 12.00, 'ระดับน้ำผิดปกติสูงขึ้น', '2019-02-08', '19:22:55'),
(664, 12.00, 'ระดับน้ำผิดปกติสูงขึ้น', '2019-02-08', '19:23:10'),
(665, 12.00, 'ระดับน้ำผิดปกติสูงขึ้น', '2019-02-08', '19:23:23'),
(666, 12.00, 'ระดับน้ำผิดปกติสูงขึ้น', '2019-02-08', '19:23:36'),
(667, 12.00, 'ระดับน้ำผิดปกติสูงขึ้น', '2019-02-08', '19:23:49'),
(668, 12.00, 'ระดับน้ำผิดปกติสูงขึ้น', '2019-02-08', '19:24:06'),
(669, 12.00, 'ระดับน้ำผิดปกติสูงขึ้น', '2019-02-08', '19:24:20'),
(670, 12.00, 'ระดับน้ำผิดปกติสูงขึ้น', '2019-02-08', '19:24:33'),
(671, 16.00, 'ระดับน้ำผิดปกติสูงขึ้น', '2019-02-08', '19:29:52'),
(672, 16.00, 'ระดับน้ำผิดปกติสูงขึ้น', '2019-02-08', '19:30:02'),
(673, 16.00, 'ระดับน้ำผิดปกติสูงขึ้น', '2019-02-08', '19:30:14'),
(674, 27.00, 'ระดับน้ำผิดปกติสูงขึ้น', '2019-02-08', '19:30:26'),
(675, 27.00, 'ระดับน้ำผิดปกติสูงขึ้น', '2019-02-08', '19:30:39'),
(676, 28.00, 'ระดับน้ำผิดปกติสูงขึ้น', '2019-02-08', '19:30:51'),
(677, 8.00, 'ระดับน้ำผิดปกติสูงขึ้น', '2019-02-08', '19:42:37'),
(678, 8.00, 'ระดับน้ำผิดปกติสูงขึ้น', '2019-02-08', '19:42:50'),
(679, 8.00, 'ระดับน้ำผิดปกติสูงขึ้น', '2019-02-08', '19:43:02'),
(680, 7.00, 'ระดับน้ำผิดปกติสูงขึ้น', '2019-02-08', '19:44:33'),
(681, 28.00, 'ระดับน้ำผิดปกติสูงขึ้น', '2019-02-11', '21:35:53'),
(682, 25.00, 'ระดับน้ำผิดปกติสูงขึ้น', '2019-02-11', '21:36:09'),
(683, 11.00, 'ระดับน้ำผิดปกติสูงขึ้น', '2019-02-11', '21:51:50'),
(684, 28.00, 'ระดับน้ำผิดปกติสูงขึ้น', '2019-02-11', '21:52:04'),
(685, 15.00, 'ระดับน้ำผิดปกติสูงขึ้น', '2019-02-11', '21:52:26'),
(686, 10.00, 'ระดับน้ำผิดปกติสูงขึ้น', '2019-02-11', '22:12:31'),
(687, 12.00, 'ระดับน้ำผิดปกติสูงขึ้น', '2019-02-11', '22:18:51'),
(688, 11.00, 'ระดับน้ำผิดปกติสูงขึ้น', '2019-02-11', '22:19:10'),
(689, 11.00, 'ระดับน้ำผิดปกติสูงขึ้น', '2019-02-11', '22:19:23'),
(690, 11.00, 'ระดับน้ำผิดปกติสูงขึ้น', '2019-02-11', '22:19:37'),
(691, 23.00, 'ระดับน้ำผิดปกติสูงขึ้น', '2019-02-11', '22:19:50'),
(692, 11.00, 'ระดับน้ำผิดปกติสูงขึ้น', '2019-02-11', '22:23:03'),
(693, 10.00, 'ระดับน้ำผิดปกติสูงขึ้น', '2019-02-12', '03:12:12'),
(694, 13.00, 'ระดับน้ำผิดปกติสูงขึ้น', '2019-02-12', '03:23:04'),
(695, 10.00, 'ระดับน้ำผิดปกติสูงขึ้น', '2019-02-12', '03:26:27'),
(696, 27.00, 'ระดับน้ำผิดปกติสูงขึ้น', '2019-02-12', '03:26:40'),
(697, 23.00, 'ระดับน้ำผิดปกติสูงขึ้น', '2019-02-12', '03:39:01'),
(698, 23.00, 'ระดับน้ำผิดปกติสูงขึ้น', '2019-02-12', '03:39:15');

-- --------------------------------------------------------

--
-- Table structure for table `process_statuses`
--

CREATE TABLE `process_statuses` (
  `id` int(10) UNSIGNED NOT NULL,
  `idUsers` int(10) UNSIGNED DEFAULT NULL,
  `idPumps` int(10) UNSIGNED NOT NULL,
  `idStatus` int(10) UNSIGNED DEFAULT NULL,
  `idWaters` int(10) UNSIGNED DEFAULT NULL,
  `created_at` date DEFAULT NULL,
  `updated_at` date DEFAULT NULL
) ENGINE=InnoDB DEFAULT CHARSET=utf8mb4 COLLATE=utf8mb4_unicode_ci;

-- --------------------------------------------------------

--
-- Table structure for table `pumps`
--

CREATE TABLE `pumps` (
  `id` int(10) UNSIGNED NOT NULL,
  `address` varchar(50) COLLATE utf8mb4_unicode_ci NOT NULL
) ENGINE=InnoDB DEFAULT CHARSET=utf8mb4 COLLATE=utf8mb4_unicode_ci;

--
-- Dumping data for table `pumps`
--

INSERT INTO `pumps` (`id`, `address`) VALUES
(1, 'สวนมะนาว');

-- --------------------------------------------------------

--
-- Table structure for table `report`
--

CREATE TABLE `report` (
  `id` int(10) NOT NULL,
  `idStatus` int(10) NOT NULL,
  `idPump` int(10) NOT NULL,
  `date` date NOT NULL,
  `time` time NOT NULL
) ENGINE=InnoDB DEFAULT CHARSET=utf8;

--
-- Dumping data for table `report`
--

INSERT INTO `report` (`id`, `idStatus`, `idPump`, `date`, `time`) VALUES
(1, 5, 1, '2019-02-12', '03:38:55'),
(2, 7, 1, '2019-02-12', '03:39:09'),
(3, 13, 1, '2019-02-12', '03:42:32'),
(4, 14, 1, '2019-02-12', '03:43:35'),
(5, 15, 1, '2019-02-12', '03:44:39'),
(6, 16, 1, '2019-02-12', '03:45:42'),
(7, 17, 1, '2019-02-12', '03:46:45'),
(8, 18, 1, '2019-02-12', '03:47:48'),
(9, 22, 1, '2019-02-12', '04:01:16'),
(10, 5, 1, '2019-02-12', '03:38:55'),
(11, 7, 1, '2019-02-12', '03:39:09'),
(12, 13, 1, '2019-02-12', '03:42:32'),
(13, 14, 1, '2019-02-12', '03:43:35'),
(14, 15, 1, '2019-02-12', '03:44:39'),
(15, 16, 1, '2019-02-12', '03:45:42'),
(16, 17, 1, '2019-02-12', '03:46:45'),
(17, 18, 1, '2019-02-12', '03:47:48'),
(18, 5, 1, '2019-02-12', '03:38:55'),
(19, 7, 1, '2019-02-12', '03:39:09'),
(20, 13, 1, '2019-02-12', '03:42:32'),
(21, 14, 1, '2019-02-12', '03:43:35'),
(22, 15, 1, '2019-02-12', '03:44:39'),
(23, 16, 1, '2019-02-12', '03:45:42'),
(24, 17, 1, '2019-02-12', '03:46:45'),
(25, 18, 1, '2019-02-12', '03:47:48'),
(26, 5, 1, '2019-02-12', '03:38:55'),
(27, 7, 1, '2019-02-12', '03:39:09'),
(28, 13, 1, '2019-02-12', '03:42:32'),
(29, 14, 1, '2019-02-12', '03:43:35'),
(30, 15, 1, '2019-02-12', '03:44:39'),
(31, 16, 1, '2019-02-12', '03:45:42'),
(32, 17, 1, '2019-02-12', '03:46:45'),
(33, 18, 1, '2019-02-12', '03:47:48'),
(34, 5, 1, '2019-02-12', '03:38:55'),
(35, 7, 1, '2019-02-12', '03:39:09'),
(36, 13, 1, '2019-02-12', '03:42:32'),
(37, 14, 1, '2019-02-12', '03:43:35'),
(38, 15, 1, '2019-02-12', '03:44:39'),
(39, 16, 1, '2019-02-12', '03:45:42'),
(40, 17, 1, '2019-02-12', '03:46:45'),
(41, 18, 1, '2019-02-12', '03:47:48');

-- --------------------------------------------------------

--
-- Table structure for table `save`
--

CREATE TABLE `save` (
  `id` int(11) NOT NULL,
  `total` int(11) NOT NULL,
  `detail` int(11) NOT NULL
) ENGINE=InnoDB DEFAULT CHARSET=utf8;

-- --------------------------------------------------------

--
-- Table structure for table `statuses`
--

CREATE TABLE `statuses` (
  `id` int(10) UNSIGNED NOT NULL,
  `numstatus` int(11) NOT NULL DEFAULT '0',
  `waterLevel` double(5,2) NOT NULL,
  `detail` varchar(5) COLLATE utf8mb4_unicode_ci NOT NULL,
  `date` date NOT NULL,
  `time` time NOT NULL,
  `idUser` int(10) DEFAULT NULL
) ENGINE=InnoDB DEFAULT CHARSET=utf8mb4 COLLATE=utf8mb4_unicode_ci;

--
-- Dumping data for table `statuses`
--

INSERT INTO `statuses` (`id`, `numstatus`, `waterLevel`, `detail`, `date`, `time`, `idUser`) VALUES
(1, 0, 110.00, 'ปิด', '2019-02-12', '03:35:41', 65),
(2, 0, 134.00, 'ปิด', '2019-02-12', '03:35:46', 65),
(3, 0, 134.00, 'ปิด', '2019-02-12', '03:36:50', 65),
(4, 0, 54.00, 'ปิด', '2019-02-12', '03:37:53', 65),
(5, 1, 177.00, 'เปิด', '2019-02-12', '03:38:55', 65),
(6, 0, 177.00, 'ปิด', '2019-02-12', '03:39:04', 65),
(7, 1, 177.00, 'เปิด', '2019-02-12', '03:39:09', 65),
(8, 0, 177.00, 'ปิด', '2019-02-12', '03:39:18', 65),
(9, 0, 0.00, 'ปิด', '2019-02-12', '03:39:24', 65),
(10, 0, 141.00, 'ปิด', '2019-02-12', '03:40:27', 65),
(13, 1, 131.00, 'เปิด', '2019-02-12', '03:42:32', 65),
(14, 1, 52.00, 'เปิด', '2019-02-12', '03:43:35', 65),
(15, 1, 54.00, 'เปิด', '2019-02-12', '03:44:39', 65),
(16, 1, 140.00, 'เปิด', '2019-02-12', '03:45:42', 65),
(17, 1, 139.00, 'เปิด', '2019-02-12', '03:46:45', 65),
(18, 1, 139.00, 'เปิด', '2019-02-12', '03:47:48', 65),
(20, 0, 53.00, 'ปิด', '2019-02-12', '03:48:53', 65),
(23, 0, 53.00, 'ปิด', '2019-02-12', '04:01:41', 63);

-- --------------------------------------------------------

--
-- Table structure for table `test`
--

CREATE TABLE `test` (
  `id` int(11) NOT NULL,
  `num` int(11) NOT NULL,
  `date` date NOT NULL
) ENGINE=InnoDB DEFAULT CHARSET=utf8;

--
-- Dumping data for table `test`
--

INSERT INTO `test` (`id`, `num`, `date`) VALUES
(1, 196, '2019-02-10'),
(2, 154, '2019-02-10'),
(195, 0, '2019-02-08'),
(196, 170, '2019-02-07'),
(197, 179, '2019-02-04'),
(198, 150, '2019-02-01'),
(199, 190, '2019-02-01');

-- --------------------------------------------------------

--
-- Table structure for table `users`
--

CREATE TABLE `users` (
  `id` int(10) UNSIGNED NOT NULL,
  `email` varchar(255) COLLATE utf8mb4_unicode_ci NOT NULL,
  `password` varchar(255) COLLATE utf8mb4_unicode_ci NOT NULL,
  `name` varchar(50) COLLATE utf8mb4_unicode_ci NOT NULL,
  `lastname` varchar(50) COLLATE utf8mb4_unicode_ci NOT NULL,
  `api_token` varchar(60) COLLATE utf8mb4_unicode_ci DEFAULT NULL,
  `isadmin` int(1) NOT NULL DEFAULT '0',
  `created_at` timestamp NULL DEFAULT NULL,
  `updated_at` timestamp NULL DEFAULT NULL
) ENGINE=InnoDB DEFAULT CHARSET=utf8mb4 COLLATE=utf8mb4_unicode_ci;

--
-- Dumping data for table `users`
--

INSERT INTO `users` (`id`, `email`, `password`, `name`, `lastname`, `api_token`, `isadmin`, `created_at`, `updated_at`) VALUES
(1, 'fdf@hotmail.com', '$2y$10$eR3qI5nAWoHjD.y0GjoiM.upgZC9X43kgXQwoySm/wAi8qhGDmwWS', 'ดอกไม้', 'สวย', NULL, 2, '2019-02-08 21:53:53', '2019-02-08 21:53:53'),
(48, 'u@hotmail.com', '81dc9bdb52d04dc20036dbd8313ed055', 'gatttaaa', 'sdfssssss', NULL, 2, '2019-02-08 21:17:27', '2019-02-08 21:17:27'),
(63, 'admin@hotmail.com', 'YWRtaW4=', 'admin', 'asd', NULL, 1, '2019-02-06 12:13:14', '2019-02-11 21:09:59'),
(64, 'jim2sleepy@hotmail.com', 'MTIzNA==', 'dddd', 'asasda', NULL, 1, '2019-02-08 21:54:29', '2019-02-08 21:54:29'),
(65, 'auto@hotmail.com', 'MTIzNA==', 'AUTO', 'machine', NULL, 2, '2019-02-11 19:53:31', '2019-02-11 19:53:31');

-- --------------------------------------------------------

--
-- Table structure for table `user_activities`
--

CREATE TABLE `user_activities` (
  `id` int(10) UNSIGNED NOT NULL,
  `value` int(11) NOT NULL,
  `date` date NOT NULL,
  `time` time NOT NULL,
  `idUsers` int(10) UNSIGNED NOT NULL
) ENGINE=InnoDB DEFAULT CHARSET=utf8mb4 COLLATE=utf8mb4_unicode_ci;

--
-- Dumping data for table `user_activities`
--

INSERT INTO `user_activities` (`id`, `value`, `date`, `time`, `idUsers`) VALUES
(15, 150, '2019-01-17', '18:17:25', 1),
(16, 178, '2019-01-17', '18:18:06', 1),
(17, 130, '2019-01-17', '18:18:41', 1),
(18, 100, '2019-01-18', '23:27:14', 1),
(19, 20, '2019-01-19', '11:34:15', 1),
(20, 100, '2019-02-07', '01:04:10', 1),
(21, 80, '2019-02-07', '20:39:28', 1),
(22, 50, '2019-02-07', '20:40:01', 1),
(23, 30, '2019-02-08', '04:20:24', 1);

-- --------------------------------------------------------

--
-- Table structure for table `waters`
--

CREATE TABLE `waters` (
  `id` int(10) UNSIGNED NOT NULL,
  `waterLevel` double(5,2) NOT NULL,
  `sensor_duration` double(8,2) NOT NULL,
  `date` date NOT NULL,
  `time` time NOT NULL
) ENGINE=InnoDB DEFAULT CHARSET=utf8mb4 COLLATE=utf8mb4_unicode_ci;

--
-- Dumping data for table `waters`
--

INSERT INTO `waters` (`id`, `waterLevel`, `sensor_duration`, `date`, `time`) VALUES
(72, 160.00, 40.00, '2019-02-11', '22:18:24'),
(73, 163.00, 37.00, '2019-02-11', '22:18:29'),
(74, 162.00, 38.00, '2019-02-11', '22:18:34'),
(75, 161.00, 39.00, '2019-02-11', '22:18:39'),
(76, 188.00, 12.00, '2019-02-11', '22:18:52'),
(77, 188.00, 12.00, '2019-02-11', '22:18:55'),
(78, 0.00, 1751.00, '2019-02-11', '22:18:59'),
(79, 189.00, 11.00, '2019-02-11', '22:19:11'),
(80, 189.00, 11.00, '2019-02-11', '22:19:14'),
(81, 189.00, 11.00, '2019-02-11', '22:19:24'),
(82, 189.00, 11.00, '2019-02-11', '22:19:27'),
(83, 189.00, 11.00, '2019-02-11', '22:19:38'),
(84, 189.00, 11.00, '2019-02-11', '22:19:41'),
(85, 177.00, 23.00, '2019-02-11', '22:19:51'),
(86, 177.00, 23.00, '2019-02-11', '22:19:54'),
(87, 161.00, 39.00, '2019-02-11', '22:19:58'),
(88, 161.00, 39.00, '2019-02-11', '22:20:03'),
(89, 162.00, 38.00, '2019-02-11', '22:20:08'),
(90, 162.00, 38.00, '2019-02-11', '22:20:13'),
(91, 161.00, 39.00, '2019-02-11', '22:20:18'),
(92, 162.00, 38.00, '2019-02-11', '22:20:26'),
(93, 161.00, 39.00, '2019-02-11', '22:20:30'),
(94, 161.00, 39.00, '2019-02-11', '22:20:35'),
(95, 162.00, 38.00, '2019-02-11', '22:20:42'),
(96, 161.00, 39.00, '2019-02-11', '22:21:44'),
(97, 162.00, 38.00, '2019-02-11', '22:22:47'),
(98, 161.00, 39.00, '2019-02-11', '22:22:52'),
(99, 189.00, 11.00, '2019-02-11', '22:23:04'),
(100, 189.00, 11.00, '2019-02-11', '22:23:07'),
(101, 161.00, 39.00, '2019-02-11', '22:23:10'),
(102, 160.00, 40.00, '2019-02-11', '22:23:15'),
(103, 161.00, 39.00, '2019-02-11', '22:23:20'),
(104, 161.00, 39.00, '2019-02-11', '22:23:25'),
(105, 161.00, 39.00, '2019-02-11', '22:23:30'),
(106, 161.00, 39.00, '2019-02-11', '22:23:36'),
(107, 135.00, 65.00, '2019-02-12', '03:10:58'),
(108, 132.00, 68.00, '2019-02-12', '03:11:03'),
(109, 190.00, 10.00, '2019-02-12', '03:12:13'),
(110, 190.00, 10.00, '2019-02-12', '03:12:16'),
(111, 137.00, 63.00, '2019-02-12', '03:12:19'),
(112, 54.00, 146.00, '2019-02-12', '03:13:22'),
(113, 135.00, 65.00, '2019-02-12', '03:14:25'),
(114, 54.00, 146.00, '2019-02-12', '03:15:29'),
(115, 54.00, 146.00, '2019-02-12', '03:16:32'),
(116, 135.00, 65.00, '2019-02-12', '03:17:43'),
(117, 0.00, 287.00, '2019-02-12', '03:18:47'),
(118, 133.00, 67.00, '2019-02-12', '03:19:50'),
(119, 128.00, 72.00, '2019-02-12', '03:20:53'),
(120, 54.00, 146.00, '2019-02-12', '03:21:56'),
(121, 187.00, 13.00, '2019-02-12', '03:23:05'),
(122, 187.00, 13.00, '2019-02-12', '03:23:08'),
(123, 130.00, 70.00, '2019-02-12', '03:23:12'),
(124, 134.00, 66.00, '2019-02-12', '03:24:15'),
(125, 135.00, 65.00, '2019-02-12', '03:25:18'),
(126, 190.00, 10.00, '2019-02-12', '03:26:28'),
(127, 190.00, 10.00, '2019-02-12', '03:26:31'),
(128, 173.00, 27.00, '2019-02-12', '03:26:41'),
(129, 173.00, 27.00, '2019-02-12', '03:26:44'),
(130, 150.00, 50.00, '2019-02-12', '03:26:48'),
(131, 134.00, 66.00, '2019-02-12', '03:27:51'),
(132, 110.00, 90.00, '2019-02-12', '03:35:40'),
(133, 134.00, 66.00, '2019-02-12', '03:35:45'),
(134, 134.00, 66.00, '2019-02-12', '03:36:48'),
(135, 54.00, 146.00, '2019-02-12', '03:37:51'),
(136, 177.00, 23.00, '2019-02-12', '03:39:03'),
(137, 177.00, 23.00, '2019-02-12', '03:39:05'),
(138, 177.00, 23.00, '2019-02-12', '03:39:16'),
(139, 177.00, 23.00, '2019-02-12', '03:39:19'),
(140, 0.00, 286.00, '2019-02-12', '03:39:23'),
(141, 141.00, 59.00, '2019-02-12', '03:40:26'),
(142, 0.00, 286.00, '2019-02-12', '03:41:29'),
(143, 131.00, 69.00, '2019-02-12', '03:42:34'),
(144, 52.00, 148.00, '2019-02-12', '03:43:37'),
(145, 54.00, 146.00, '2019-02-12', '03:44:40'),
(146, 140.00, 60.00, '2019-02-12', '03:45:43'),
(147, 139.00, 61.00, '2019-02-12', '03:46:46'),
(148, 139.00, 61.00, '2019-02-12', '03:47:50'),
(149, 53.00, 147.00, '2019-02-12', '03:48:51');

--
-- Indexes for dumped tables
--

--
-- Indexes for table `analysis`
--
ALTER TABLE `analysis`
  ADD PRIMARY KEY (`id`);

--
-- Indexes for table `notiline`
--
ALTER TABLE `notiline`
  ADD PRIMARY KEY (`id`) USING BTREE;

--
-- Indexes for table `process_statuses`
--
ALTER TABLE `process_statuses`
  ADD PRIMARY KEY (`id`),
  ADD KEY `process_statuses_idusers_foreign` (`idUsers`),
  ADD KEY `process_statuses_idpumps_foreign` (`idPumps`),
  ADD KEY `process_statuses_idstatus_foreign` (`idStatus`),
  ADD KEY `process_statuses_idwaters_foreign` (`idWaters`);

--
-- Indexes for table `pumps`
--
ALTER TABLE `pumps`
  ADD PRIMARY KEY (`id`);

--
-- Indexes for table `report`
--
ALTER TABLE `report`
  ADD PRIMARY KEY (`id`);

--
-- Indexes for table `save`
--
ALTER TABLE `save`
  ADD PRIMARY KEY (`id`);

--
-- Indexes for table `statuses`
--
ALTER TABLE `statuses`
  ADD PRIMARY KEY (`id`);

--
-- Indexes for table `test`
--
ALTER TABLE `test`
  ADD PRIMARY KEY (`id`);

--
-- Indexes for table `users`
--
ALTER TABLE `users`
  ADD PRIMARY KEY (`id`),
  ADD UNIQUE KEY `users_api_token_unique` (`api_token`);

--
-- Indexes for table `user_activities`
--
ALTER TABLE `user_activities`
  ADD PRIMARY KEY (`id`),
  ADD KEY `user_activities_idusers_foreign` (`idUsers`);

--
-- Indexes for table `waters`
--
ALTER TABLE `waters`
  ADD PRIMARY KEY (`id`);

--
-- AUTO_INCREMENT for dumped tables
--

--
-- AUTO_INCREMENT for table `analysis`
--
ALTER TABLE `analysis`
  MODIFY `id` int(11) NOT NULL AUTO_INCREMENT, AUTO_INCREMENT=13;

--
-- AUTO_INCREMENT for table `notiline`
--
ALTER TABLE `notiline`
  MODIFY `id` int(11) NOT NULL AUTO_INCREMENT, AUTO_INCREMENT=699;

--
-- AUTO_INCREMENT for table `process_statuses`
--
ALTER TABLE `process_statuses`
  MODIFY `id` int(10) UNSIGNED NOT NULL AUTO_INCREMENT, AUTO_INCREMENT=3;

--
-- AUTO_INCREMENT for table `pumps`
--
ALTER TABLE `pumps`
  MODIFY `id` int(10) UNSIGNED NOT NULL AUTO_INCREMENT, AUTO_INCREMENT=2;

--
-- AUTO_INCREMENT for table `report`
--
ALTER TABLE `report`
  MODIFY `id` int(10) NOT NULL AUTO_INCREMENT, AUTO_INCREMENT=42;

--
-- AUTO_INCREMENT for table `save`
--
ALTER TABLE `save`
  MODIFY `id` int(11) NOT NULL AUTO_INCREMENT;

--
-- AUTO_INCREMENT for table `statuses`
--
ALTER TABLE `statuses`
  MODIFY `id` int(10) UNSIGNED NOT NULL AUTO_INCREMENT, AUTO_INCREMENT=24;

--
-- AUTO_INCREMENT for table `test`
--
ALTER TABLE `test`
  MODIFY `id` int(11) NOT NULL AUTO_INCREMENT, AUTO_INCREMENT=200;

--
-- AUTO_INCREMENT for table `users`
--
ALTER TABLE `users`
  MODIFY `id` int(10) UNSIGNED NOT NULL AUTO_INCREMENT, AUTO_INCREMENT=66;

--
-- AUTO_INCREMENT for table `user_activities`
--
ALTER TABLE `user_activities`
  MODIFY `id` int(10) UNSIGNED NOT NULL AUTO_INCREMENT, AUTO_INCREMENT=24;

--
-- AUTO_INCREMENT for table `waters`
--
ALTER TABLE `waters`
  MODIFY `id` int(10) UNSIGNED NOT NULL AUTO_INCREMENT, AUTO_INCREMENT=150;

--
-- Constraints for dumped tables
--

--
-- Constraints for table `process_statuses`
--
ALTER TABLE `process_statuses`
  ADD CONSTRAINT `process_statuses_idpumps_foreign` FOREIGN KEY (`idPumps`) REFERENCES `pumps` (`id`) ON DELETE CASCADE ON UPDATE CASCADE,
  ADD CONSTRAINT `process_statuses_idstatus_foreign` FOREIGN KEY (`idStatus`) REFERENCES `statuses` (`id`) ON DELETE CASCADE ON UPDATE CASCADE,
  ADD CONSTRAINT `process_statuses_idusers_foreign` FOREIGN KEY (`idUsers`) REFERENCES `users` (`id`) ON DELETE CASCADE ON UPDATE CASCADE,
  ADD CONSTRAINT `process_statuses_idwaters_foreign` FOREIGN KEY (`idWaters`) REFERENCES `waters` (`id`) ON DELETE CASCADE ON UPDATE CASCADE;

--
-- Constraints for table `user_activities`
--
ALTER TABLE `user_activities`
  ADD CONSTRAINT `user_activities_idusers_foreign` FOREIGN KEY (`idUsers`) REFERENCES `users` (`id`);
COMMIT;

/*!40101 SET CHARACTER_SET_CLIENT=@OLD_CHARACTER_SET_CLIENT */;
/*!40101 SET CHARACTER_SET_RESULTS=@OLD_CHARACTER_SET_RESULTS */;
/*!40101 SET COLLATION_CONNECTION=@OLD_COLLATION_CONNECTION */;
